store_id,store_name,category_id,category,category_description,item_id,item_name,description,price,original_price,image_filename,image_url,source_url,clean_image_filename,Notes
240502,Armandos Mexican Food,category-222781261,Breakfast Plates,"Classic breakfast fare, served all day.",24580195805,"Ham Plate with Eggs, Cheese, and Potatoes","Includes breakfast ham, scrambled eggs, cheddar cheese, homestyle potatoes, rice, and refried beans. Served with your choice of tortillas or chips.",$11.99_),,ham-plate-ham-egg-cheese-potato-24580195805.jpg,"https://img.cdn4dd.com/cdn-cgi/image/fit=contain,width=1200,height=672,format=auto/https://doordash-static.s3.amazonaws.com/media/photosV2/6a5b01bd-ad15-42fc-8b79-0f998a8d9d28-retina-large.jpg",https://www.doordash.com/store/armandos-mexican-food-moreno-valley-240502/1730119/consider,ham-plate-ham-egg-cheese-potato-24580195805.jpg,
240502,Armandos Mexican Food,category-222781261,Breakfast Plates,"Classic breakfast fare, served all day.",43896844525,Huevos a la Mexicana,"Scrambled eggs mixed with tomatoes, onions, and green peppers. Served with refried beans, rice, sliced avocado, orange, and cucumber.",$12.99_),,huevos-ala-mexicana-43896844525.jpg,"https://img.cdn4dd.com/cdn-cgi/image/fit=contain,width=1200,height=672,format=auto/https://doordash-static.s3.amazonaws.com/media/photosV2/9e7ce58f-15aa-46f0-85f4-0510188cd549-retina-large.jpg",https://www.doordash.com/store/armandos-mexican-food-moreno-valley-240502/1730119/consider,huevos-a-la-mexicana-43896844525.jpg,
240502,Armandos Mexican Food,category-222781261,Breakfast Plates,"Classic breakfast fare, served all day.",24579759048,"Original Plate - Bacon, Egg, Cheese, and Potatoes with Rice & Beans","Includes crispy bacon, scrambled eggs, cheddar cheese, homestyle potatoes, rice, and refried beans. Served with your choice of tortillas or chips.",$11.99_),,original-plate-bacon-egg-cheese-potatorice-beans-24579759048.jpg,"https://img.cdn4dd.com/cdn-cgi/image/fit=contain,width=1200,height=672,format=auto/https://doordash-static.s3.amazonaws.com/media/photosV2/706a5b33-a3de-4317-8dbb-98025ad8b586-retina-large.jpg",https://www.doordash.com/store/armandos-mexican-food-moreno-valley-240502/1730119/consider,original-plate-bacon-egg-cheese-potato-rice-beans-24579759048.jpg,
240502,Armandos Mexican Food,category-222781261,Breakfast Plates,"Classic breakfast fare, served all day.",24580228943,Steak and Eggs Plate with Cheese and Potatoes,"Grilled steak and scrambled eggs with cheddar cheese, homestyle potatoes, rice, and refried beans. Served with your choice of tortillas or chips.",$11.99_),,steak-and-egg-plate-cheese-potato-24580228943.jpg,"https://img.cdn4dd.com/cdn-cgi/image/fit=contain,width=1200,height=672,format=auto/https://doordash-static.s3.amazonaws.com/media/photosV2/37266370-c814-40fe-a9c9-e29c717e5fed-retina-large.jpg",https://www.doordash.com/store/armandos-mexican-food-moreno-valley-240502/1730119/consider,steak-and-egg-plate-cheese-potato-24580228943.jpg,
240502,Armandos Mexican Food,category-20595915,Breakfast Burritos,Served all day.,5333328467,Bacon and Sausage Burrito,"Crispy bacon, sausage, homestyle potatoes, scrambled eggs, and cheddar cheese wrapped in a soft flour tortilla.",$11.90_),,steak-burrito-198880678.jpg,"https://img.cdn4dd.com/cdn-cgi/image/fit=contain,width=1200,height=672,format=auto/https://doordash-static.s3.amazonaws.com/media/photos/6a9f0d8f-ff0c-4447-ace3-d49a1c1f11ad-retina-large-jpeg",https://www.doordash.com/store/armandos-mexican-food-moreno-valley-240502/1730119/consider,bacon-and-sausage-burrito-5333328467.jpg,
240502,Armandos Mexican Food,category-20595915,Breakfast Burritos,Served all day.,1165791286,Chicken Breakfast Burrito,"Grilled chicken, scrambled eggs, cheddar cheese, and homestyle potatoes wrapped in a soft flour tortilla.",$9.99_),,steak-burrito-198880678.jpg,"https://img.cdn4dd.com/cdn-cgi/image/fit=contain,width=1200,height=672,format=auto/https://doordash-static.s3.amazonaws.com/media/photos/6a9f0d8f-ff0c-4447-ace3-d49a1c1f11ad-retina-large-jpeg",https://www.doordash.com/store/armandos-mexican-food-moreno-valley-240502/1730119/consider,chicken-breakfast-burrito-1165791286.jpg,
240502,Armandos Mexican Food,category-20595915,Breakfast Burritos,Served all day.,198880674,Chorizo Burrito,"Chorizo, scrambled eggs, and cheddar cheese wrapped in a soft flour tortilla.",$11.67_),,steak-burrito-198880678.jpg,"https://img.cdn4dd.com/cdn-cgi/image/fit=contain,width=1200,height=672,format=auto/https://doordash-static.s3.amazonaws.com/media/photos/6a9f0d8f-ff0c-4447-ace3-d49a1c1f11ad-retina-large-jpeg",https://www.doordash.com/store/armandos-mexican-food-moreno-valley-240502/1730119/consider,chorizo-burrito-198880674.jpg,
240502,Armandos Mexican Food,category-20595915,Breakfast Burritos,Served all day.,5772874081,Chorizo Burrito with Beans,"Chorizo, scrambled eggs, cheddar cheese, and refried beans wrapped in a soft flour tortilla.",$11.67_),,original-breakfast-198880673.jpg,"https://img.cdn4dd.com/cdn-cgi/image/fit=contain,width=1200,height=672,format=auto/https://doordash-static.s3.amazonaws.com/media/photosV2/591adbf3-bd0c-455b-bb66-2020dc1c63bd-retina-large.JPG",https://www.doordash.com/store/armandos-mexican-food-moreno-valley-240502/1730119/consider,chorizo-burrito-with-beans-5772874081.jpg,
240502,Armandos Mexican Food,category-20595915,Breakfast Burritos,Served all day.,1165788874,Chorizo Burrito with Potato,"Chorizo, scrambled eggs, cheddar cheese, and homestyle potatoes wrapped in a soft flour tortilla.",$11.99_),,chorizo-burrito-potatoe-1165788874.jpg,"https://img.cdn4dd.com/cdn-cgi/image/fit=contain,width=1200,height=672,format=auto/https://doordash-static.s3.amazonaws.com/media/photosV2/372da46f-9552-4eba-9f30-10af68afee76-retina-large.jpg",https://www.doordash.com/store/armandos-mexican-food-moreno-valley-240502/1730119/consider,chorizo-burrito-with-potato-1165788874.jpg,
240502,Armandos Mexican Food,category-20595915,Breakfast Burritos,Served all day.,5333326965,Egg and Cheese Burrito,Scrambled eggs and cheddar cheese wrapped in a soft flour tortilla.,$8.99_),,steak-burrito-198880678.jpg,"https://img.cdn4dd.com/cdn-cgi/image/fit=contain,width=1200,height=672,format=auto/https://doordash-static.s3.amazonaws.com/media/photos/6a9f0d8f-ff0c-4447-ace3-d49a1c1f11ad-retina-large-jpeg",https://www.doordash.com/store/armandos-mexican-food-moreno-valley-240502/1730119/consider,egg-and-cheese-burrito-5333326965.jpg,
240502,Armandos Mexican Food,category-20595915,Breakfast Burritos,Served all day.,5334803698,Ham and Bacon Burrito,"Breakfast ham, crispy bacon, homestyle potatoes, scrambled eggs, and cheddar cheese wrapped in a soft flour tortilla.",$9.99_),,steak-burrito-198880678.jpg,"https://img.cdn4dd.com/cdn-cgi/image/fit=contain,width=1200,height=672,format=auto/https://doordash-static.s3.amazonaws.com/media/photos/6a9f0d8f-ff0c-4447-ace3-d49a1c1f11ad-retina-large-jpeg",https://www.doordash.com/store/armandos-mexican-food-moreno-valley-240502/1730119/consider,ham-and-bacon-burrito-5334803698.jpg,
240502,Armandos Mexican Food,category-20595915,Breakfast Burritos,Served all day.,198880676,Ham Burrito,"Breakfast ham, scrambled eggs, homestyle potatoes, and cheddar cheese wrapped in a soft flour tortilla.",$11.67_),,steak-burrito-198880678.jpg,"https://img.cdn4dd.com/cdn-cgi/image/fit=contain,width=1200,height=672,format=auto/https://doordash-static.s3.amazonaws.com/media/photos/6a9f0d8f-ff0c-4447-ace3-d49a1c1f11ad-retina-large-jpeg",https://www.doordash.com/store/armandos-mexican-food-moreno-valley-240502/1730119/consider,ham-burrito-198880676.jpg,
240502,Armandos Mexican Food,category-20595915,Breakfast Burritos,Served all day.,5772977560,"Ham, Egg, and Cheese Burrito","Breakfast ham, scrambled eggs, and  cheddar cheese wrapped in a soft flour tortilla.",$9.56_),,steak-burrito-198880678.jpg,"https://img.cdn4dd.com/cdn-cgi/image/fit=contain,width=1200,height=672,format=auto/https://doordash-static.s3.amazonaws.com/media/photos/6a9f0d8f-ff0c-4447-ace3-d49a1c1f11ad-retina-large-jpeg",https://www.doordash.com/store/armandos-mexican-food-moreno-valley-240502/1730119/consider,ham-egg-cheese-burrito-5772977560.jpg,
240502,Armandos Mexican Food,category-20595915,Breakfast Burritos,Served all day.,198880675,Machaca Burrito,"Shredded beef, scrambled eggs, cheddar cheese, bell peppers, and onions wrapped in a soft flour tortilla.",$12.99_),,machaca-burrito-198880675.jpg,"https://img.cdn4dd.com/cdn-cgi/image/fit=contain,width=1200,height=672,format=auto/https://doordash-static.s3.amazonaws.com/media/photos/5b70860b-eef3-4564-9e1b-2a5e79a0b5fe-retina-large-jpeg",https://www.doordash.com/store/armandos-mexican-food-moreno-valley-240502/1730119/consider,machaca-burrito-198880675.jpg,
240502,Armandos Mexican Food,category-20595915,Breakfast Burritos,Served all day.,198880673,Original Breakfast Burrito,"Crispy bacon, scrambled eggs, homestyle potatoes, and cheddar cheese wrapped in a soft flour tortilla.",$11.99_),,original-breakfast-198880673.jpg,"https://img.cdn4dd.com/cdn-cgi/image/fit=contain,width=1200,height=672,format=auto/https://doordash-static.s3.amazonaws.com/media/photosV2/591adbf3-bd0c-455b-bb66-2020dc1c63bd-retina-large.JPG",https://www.doordash.com/store/armandos-mexican-food-moreno-valley-240502/1730119/consider,original-breakfast-198880673.jpg,
240502,Armandos Mexican Food,category-20595915,Breakfast Burritos,Served all day.,1165790039,Original Breakfast Burrito with Beans,"Crispy bacon, scrambled eggs, homestyle potatoes, cheddar cheese, and refried beans wrapped in a soft flour tortilla.",$11.99_),,steak-burrito-198880678.jpg,"https://img.cdn4dd.com/cdn-cgi/image/fit=contain,width=1200,height=672,format=auto/https://doordash-static.s3.amazonaws.com/media/photos/6a9f0d8f-ff0c-4447-ace3-d49a1c1f11ad-retina-large-jpeg",https://www.doordash.com/store/armandos-mexican-food-moreno-valley-240502/1730119/consider,original-breakfast-burrito-with-beans-1165790039.jpg,
240502,Armandos Mexican Food,category-20595915,Breakfast Burritos,Served all day.,198880679,Sausage Burrito,"Sausage, scrambled eggs, homestyle potatoes, and cheddar cheese wrapped in a soft flour tortilla.",$11.54_),,steak-burrito-198880678.jpg,"https://img.cdn4dd.com/cdn-cgi/image/fit=contain,width=1200,height=672,format=auto/https://doordash-static.s3.amazonaws.com/media/photos/6a9f0d8f-ff0c-4447-ace3-d49a1c1f11ad-retina-large-jpeg",https://www.doordash.com/store/armandos-mexican-food-moreno-valley-240502/1730119/consider,sausage-burrito-198880679.jpg,
240502,Armandos Mexican Food,category-20595915,Breakfast Burritos,Served all day.,5766331847,Sausage Burrito with Beans,"Sausage, homestyle potatoes, refried beans, and cheddar cheese wrapped in a soft flour tortilla.",$11.99_),,steak-burrito-198880678.jpg,"https://img.cdn4dd.com/cdn-cgi/image/fit=contain,width=1200,height=672,format=auto/https://doordash-static.s3.amazonaws.com/media/photos/6a9f0d8f-ff0c-4447-ace3-d49a1c1f11ad-retina-large-jpeg",https://www.doordash.com/store/armandos-mexican-food-moreno-valley-240502/1730119/consider,sausage-burrito-with-beans-5766331847.jpg,
240502,Armandos Mexican Food,category-20595915,Breakfast Burritos,Served all day.,8476042131,"Sausage, Chorizo, Egg, Cheese, and Potatoes Burrito","Sausage, chorizo, scrambled eggs, homestyle potatoes, and cheddar cheese wrapped in a soft flour tortilla.",$11.99_),,sausage-chorizo-egg-cheese-potatoes-burrito-8476042131.jpg,"https://img.cdn4dd.com/cdn-cgi/image/fit=contain,width=1200,height=672,format=auto/https://doordash-static.s3.amazonaws.com/media/photosV2/deb70536-6d64-4372-bfa8-bd30f9ed3b95-retina-large.jpg",https://www.doordash.com/store/armandos-mexican-food-moreno-valley-240502/1730119/consider,sausage-chorizo-egg-cheese-potatoes-burrito-8476042131.jpg,
240502,Armandos Mexican Food,category-20595915,Breakfast Burritos,Served all day.,16994295879,Steak Breakfast Burrito with Beans,"Grilled steak, scrambled scrambled eggs, refried beans, and shredded cheddar cheese wrapped in a soft flour tortilla.",$12.99_),,steak-breakfast-burrito-with-beans-16994295879.jpg,"https://img.cdn4dd.com/cdn-cgi/image/fit=contain,width=1200,height=672,format=auto/https://doordash-static.s3.amazonaws.com/media/photosV2/2f5e3eeb-0fd4-48fb-b05d-427b4f9ad02a-retina-large.jpeg",https://www.doordash.com/store/armandos-mexican-food-moreno-valley-240502/1730119/consider,steak-breakfast-burrito-with-beans-16994295879.jpg,
240502,Armandos Mexican Food,category-20595915,Breakfast Burritos,Served all day.,198880678,Steak Burrito,"Grilled steak, scrambled eggs, cheddar cheese, and homestyle potatoes wrapped in a soft flour tortilla.",$12.99_),,steak-burrito-198880678.jpg,"https://img.cdn4dd.com/cdn-cgi/image/fit=contain,width=1200,height=672,format=auto/https://doordash-static.s3.amazonaws.com/media/photos/6a9f0d8f-ff0c-4447-ace3-d49a1c1f11ad-retina-large-jpeg",https://www.doordash.com/store/armandos-mexican-food-moreno-valley-240502/1730119/consider,steak-burrito-198880678.jpg,
240502,Armandos Mexican Food,category-20595915,Breakfast Burritos,Served all day.,418346709,Super Breakfast Burrito,"Crispy bacon, sausage, scrambled eggs, homestyle potatoes, and cheddar cheese wrapped in a soft flour tortilla.",$13_),,steak-burrito-198880678.jpg,"https://img.cdn4dd.com/cdn-cgi/image/fit=contain,width=1200,height=672,format=auto/https://doordash-static.s3.amazonaws.com/media/photos/6a9f0d8f-ff0c-4447-ace3-d49a1c1f11ad-retina-large-jpeg",https://www.doordash.com/store/armandos-mexican-food-moreno-valley-240502/1730119/consider,super-breakfast-burrito-418346709.jpg,
240502,Armandos Mexican Food,category-20595913,Burritos,Generously filled burritos made fresh to order.,198880628,Adobada Burrito,"Spicy pork, guacamole, and picó de gallo wrapped in a soft flour tortilla.",$13.99_),,carne-asada-burrito-198880626.jpg,"https://img.cdn4dd.com/cdn-cgi/image/fit=contain,width=1200,height=672,format=auto/https://doordash-static.s3.amazonaws.com/media/photosV2/717d6853-dab8-4bf7-a768-dd74ff98be09-retina-large.JPG",https://www.doordash.com/store/armandos-mexican-food-moreno-valley-240502/1730119/consider,adobada-burrito-198880628.jpg,
240502,Armandos Mexican Food,category-20595913,Burritos,Generously filled burritos made fresh to order.,11825834217,Asada Burrito Combo,"Grilled steak, guacamole, and picó de gallo wrapped in a soft flour tortilla. Served with a side of rice and refried beans.",$15.99_),,asada-burrito-combo-11825834217.jpg,"https://img.cdn4dd.com/cdn-cgi/image/fit=contain,width=1200,height=672,format=auto/https://doordash-static.s3.amazonaws.com/media/photosV2/322aac0e-4683-48ce-b432-c6707a6bbf7e-retina-large.jpg",https://www.doordash.com/store/armandos-mexican-food-moreno-valley-240502/1730119/consider,asada-burrito-combo-11825834217.jpg,
240502,Armandos Mexican Food,category-20595913,Burritos,Generously filled burritos made fresh to order.,759912295,Asada Burrito with Cheese,"Grilled steak, guacamole, picó de gallo, and cheddar cheese wrapped in a soft flour tortilla.",$14.99_),,,,https://www.doordash.com/store/armandos-mexican-food-moreno-valley-240502/1730119/consider,,
240502,Armandos Mexican Food,category-20595913,Burritos,Generously filled burritos made fresh to order.,2989351384,Asada Burrito with Cheese and Sour Cream,"Grilled steak, cheese, and sour cream wrapped in a soft flour tortilla.",$14.99_),,asada-burrito-with-cheese-sour-cream-only-2989351384.jpg,"https://img.cdn4dd.com/cdn-cgi/image/fit=contain,width=1200,height=672,format=auto/https://doordash-static.s3.amazonaws.com/media/photosV2/b1391270-da7e-4bc3-94fe-d128f8b85055-retina-large.jpeg",https://www.doordash.com/store/armandos-mexican-food-moreno-valley-240502/1730119/consider,asada-burrito-with-cheese-sour-cream-only-2989351384.jpg,
240502,Armandos Mexican Food,category-20595913,Burritos,Generously filled burritos made fresh to order.,759912198,Asada Burrito with Sour Cream,"Grilled steak, guacamole, picó de gallo, and sour cream wrapped in a soft flour tortilla.",$14.56_),,asada-burrito-x-sour-cream-759912198.png,"https://img.cdn4dd.com/cdn-cgi/image/fit=contain,width=1200,height=672,format=auto/https://doordash-static.s3.amazonaws.com/media/photosV2/a164e838-8240-4f77-a5ff-2c8deff9df65-75c05e03-b351-430e-bd0b-e81bb99e7626-retina-large.jpg",https://www.doordash.com/store/armandos-mexican-food-moreno-valley-240502/1730119/consider,asada-burrito-with-sour-cream-759912198.png,
240502,Armandos Mexican Food,category-20595913,Burritos,Generously filled burritos made fresh to order.,759911357,Asada Wet Burrito with Green Sauce,"Grilled steak, rice, and refried beans wrapped in a soft flour tortilla and topped with green salsa.",$14.99_),,lengua-wet-burrito-green-sause-30381107207.jpg,"https://img.cdn4dd.com/cdn-cgi/image/fit=contain,width=1200,height=672,format=auto/https://doordash-static.s3.amazonaws.com/media/photos/23ea6e1d-5455-48d6-a38f-792c70e6121b-retina-large-jpeg",https://www.doordash.com/store/armandos-mexican-food-moreno-valley-240502/1730119/consider,asada-wet-burrito-green-sauce-759911357.jpg,
240502,Armandos Mexican Food,category-20595913,Burritos,Generously filled burritos made fresh to order.,425682195,Asada Wet Burrito with Red Sauce,"Grilled steak, rice, and refried beans wrapped in a soft flour tortilla topped with red salsa.",$14.78_),,lengua-wet-burrito-red-sauce-30381246062.jpg,"https://img.cdn4dd.com/cdn-cgi/image/fit=contain,width=1200,height=672,format=auto/https://doordash-static.s3.amazonaws.com/media/photosV2/62017985-290d-48ab-b8d8-b4fc5f981201-retina-large.jpg",https://www.doordash.com/store/armandos-mexican-food-moreno-valley-240502/1730119/consider,asada-wet-burrito-red-sauce-425682195.jpg,
240502,Armandos Mexican Food,category-20595913,Burritos,Generously filled burritos made fresh to order.,198880664,Beans and Cheese Burrito,Refried beans and cheese wrapped in a soft flour tortilla.,$6.99_),,beans-and-cheese-burrito-198880664.jpg,"https://img.cdn4dd.com/cdn-cgi/image/fit=contain,width=1200,height=672,format=auto/https://doordash-static.s3.amazonaws.com/media/photosV2/b839e304-21f2-4001-bf08-c6aea3356ec9-retina-large.jpg",https://www.doordash.com/store/armandos-mexican-food-moreno-valley-240502/1730119/consider,beans-and-cheese-burrito-198880664.jpg,
240502,Armandos Mexican Food,category-20595913,Burritos,Generously filled burritos made fresh to order.,3343947796,Birria Burrito,"Slow-cooked tender goat, rice, refried beans, onion, and cilantro wrapped in a flour tortilla.",$12.99_),,birria-burrito-3343947796.jpg,"https://img.cdn4dd.com/cdn-cgi/image/fit=contain,width=1200,height=672,format=auto/https://doordash-static.s3.amazonaws.com/media/photosV2/750908bf-d093-40f3-b3d0-12f2903f94b7-retina-large.jpg",https://www.doordash.com/store/armandos-mexican-food-moreno-valley-240502/1730119/consider,birria-burrito-3343947796.jpg,
240502,Armandos Mexican Food,category-20595913,Burritos,Generously filled burritos made fresh to order.,198880663,Cabeza Burrito,"Tender beef head, onion, and cilantro wrapped in a soft flour tortilla.",$13.99_),,cabeza-burrito-198880663.jpg,"https://img.cdn4dd.com/cdn-cgi/image/fit=contain,width=1200,height=672,format=auto/https://doordash-static.s3.amazonaws.com/media/photos/c9d44c6d-3233-4eb4-9a40-af8b51d58698-retina-large-jpeg",https://www.doordash.com/store/armandos-mexican-food-moreno-valley-240502/1730119/consider,cabeza-burrito-198880663.jpg,
240502,Armandos Mexican Food,category-20595913,Burritos,Generously filled burritos made fresh to order.,198880632,California Burrito,"Grilled steak, guacamole, picó de gallo, sour cream, cheese, and french fries  wrapped in a soft flour tortilla.",$15.99_),,california-burrito-198880632.jpg,"https://img.cdn4dd.com/cdn-cgi/image/fit=contain,width=1200,height=672,format=auto/https://doordash-static.s3.amazonaws.com/media/photosV2/40649af6-43df-4cad-9c98-7aebe98b7700-retina-large.jpg",https://www.doordash.com/store/armandos-mexican-food-moreno-valley-240502/1730119/consider,california-burrito-198880632.jpg,
240502,Armandos Mexican Food,category-20595913,Burritos,Generously filled burritos made fresh to order.,198880626,Carne Asada Burrito with guacamole and pico,"Grilled steak, guacamole, and picó de gallo wrapped in a soft flour tortilla.",$14.99_),,carne-asada-burrito-198880626.jpg,"https://img.cdn4dd.com/cdn-cgi/image/fit=contain,width=1200,height=672,format=auto/https://doordash-static.s3.amazonaws.com/media/photosV2/717d6853-dab8-4bf7-a768-dd74ff98be09-retina-large.JPG",https://www.doordash.com/store/armandos-mexican-food-moreno-valley-240502/1730119/consider,carne-asada-burrito-198880626.jpg,
240502,Armandos Mexican Food,category-20595913,Burritos,Generously filled burritos made fresh to order.,1169949037,Carne Asada Burrito with Rice and Beans Only,"Grilled steak, rice, and refried beans wrapped in a soft flour tortilla.",$14.99_),,carne-asada-burrito-rice-beansonly-1169949037.jpg,"https://img.cdn4dd.com/cdn-cgi/image/fit=contain,width=1200,height=672,format=auto/https://doordash-static.s3.amazonaws.com/media/photosV2/6e0c89cb-f61d-408a-9945-619bc8e60882-retina-large.jpg",https://www.doordash.com/store/armandos-mexican-food-moreno-valley-240502/1730119/consider,carne-asada-burrito-rice-beans-only-1169949037.jpg,
240502,Armandos Mexican Food,category-20595913,Burritos,Generously filled burritos made fresh to order.,16994292882,"Carne Asada Burrito with Cheese, Sour Cream, and Fries ","Grilled steak, cheese, sour cream, and french fries wrapped in a soft flour tortilla.",$14.99_),,carne-asada-burrito-cheese-sour-cream-fries-only-16994292882.png,"https://img.cdn4dd.com/cdn-cgi/image/fit=contain,width=1200,height=672,format=auto/https://doordash-static.s3.amazonaws.com/media/photosV2/e254c65d-32d9-4d71-8da0-9c3b180db5d2-a6d8c19a-fa74-4dc1-87ab-f088fab2a078-retina-large.jpg",https://www.doordash.com/store/armandos-mexican-food-moreno-valley-240502/1730119/consider,carne-asada-burrito-cheese-sour-cream-fries-only-16994292882.png,
240502,Armandos Mexican Food,category-20595913,Burritos,Generously filled burritos made fresh to order.,23721922361,"Carne Asada Burrito with Guacamole, Pico, Cheese, Sour Cream, Rice, and Beans","Grilled steak, guacamole, picó de gallo, cheese, sour cream, rice, and refried beans wrapped in a soft flour tortilla.",$16.99_),,carne-asada-burrito-198880626.jpg,"https://img.cdn4dd.com/cdn-cgi/image/fit=contain,width=1200,height=672,format=auto/https://doordash-static.s3.amazonaws.com/media/photosV2/717d6853-dab8-4bf7-a768-dd74ff98be09-retina-large.JPG",https://www.doordash.com/store/armandos-mexican-food-moreno-valley-240502/1730119/consider,carne-asada-burrito-guacamole-pico-cheese-sour-cream-rice-beans-23721922361.jpg,
240502,Armandos Mexican Food,category-20595913,Burritos,Generously filled burritos made fresh to order.,198880629,Carnitas Burrito,"Slow-cooked pork, guacamole, and picó de gallo wrapped in a soft flour tortilla.",$13.99_),,carnitas-burrito-198880629.jpg,"https://img.cdn4dd.com/cdn-cgi/image/fit=contain,width=1200,height=672,format=auto/https://doordash-static.s3.amazonaws.com/media/photosV2/0b351287-7fb5-4b6a-98d4-3fd8823314d1-retina-large.jpg",https://www.doordash.com/store/armandos-mexican-food-moreno-valley-240502/1730119/consider,carnitas-burrito-198880629.jpg,
240502,Armandos Mexican Food,category-20595913,Burritos,Generously filled burritos made fresh to order.,16994291329,Chicken Burrito with Beans and Rice,"Grilled chicken, refried beans, and rice wrapped in a soft flour tortilla.",$13.99_),,chicken-burrito-with-beans-rice-only-16994291329.jpg,"https://img.cdn4dd.com/cdn-cgi/image/fit=contain,width=1200,height=672,format=auto/https://doordash-static.s3.amazonaws.com/media/photosV2/1d515c2a-9b91-445e-8688-2aaee809f3be-retina-large.jpeg",https://www.doordash.com/store/armandos-mexican-food-moreno-valley-240502/1730119/consider,chicken-burrito-with-beans-rice-only-16994291329.jpg,
240502,Armandos Mexican Food,category-20595913,Burritos,Generously filled burritos made fresh to order.,1145493274,Chicken California Burrito,"Grilled chicken, guacamole, picó de gallo, cheese, sour cream, and french fries wrapped in a soft flour tortilla.",$14.76_),,chicken-california-burrito-1145493274.jpg,"https://img.cdn4dd.com/cdn-cgi/image/fit=contain,width=1200,height=672,format=auto/https://doordash-static.s3.amazonaws.com/media/photosV2/371b7c7d-ca55-4f01-85b7-642d64caa947-retina-large.jpg",https://www.doordash.com/store/armandos-mexican-food-moreno-valley-240502/1730119/consider,chicken-california-burrito-1145493274.jpg,
240502,Armandos Mexican Food,category-20595913,Burritos,Generously filled burritos made fresh to order.,198880671,Chicken Chipotle,"Grilled chicken, chipotle sauce, avocado, shredded cheese, and lettuce wrapped in a soft tortilla.",$12.99_),,chicken-chipotle-198880671.png,"https://img.cdn4dd.com/cdn-cgi/image/fit=contain,width=1200,height=672,format=auto/https://doordash-static.s3.amazonaws.com/media/photosV2/bcfccee4-038d-49c9-a0ba-e2258baa7fea-retina-large.png",https://www.doordash.com/store/armandos-mexican-food-moreno-valley-240502/1730119/consider,chicken-chipotle-198880671.png,
240502,Armandos Mexican Food,category-20595913,Burritos,Generously filled burritos made fresh to order.,198880666,Chile Relleno Burrito,"Roasted green chile stuffed with cheese wrapped in a soft flour tortilla with rice, refried beans, and cheese.",$13.99_),,chile-relleno-burrito-198880666.jpg,"https://img.cdn4dd.com/cdn-cgi/image/fit=contain,width=1200,height=672,format=auto/https://doordash-static.s3.amazonaws.com/media/photosV2/77ad90a9-7b22-43a8-b900-833354e7c54e-retina-large.jpeg",https://www.doordash.com/store/armandos-mexican-food-moreno-valley-240502/1730119/consider,chile-relleno-burrito-198880666.jpg,
240502,Armandos Mexican Food,category-20595913,Burritos,Generously filled burritos made fresh to order.,198880670,Chile Verde Burrito,"Slow-cooked pork, rice, refried beans, and green salsa wrapped in a soft flour tortilla.",$13.24_),,chile-verde-burrito-198880670.jpg,"https://img.cdn4dd.com/cdn-cgi/image/fit=contain,width=1200,height=672,format=auto/https://doordash-static.s3.amazonaws.com/media/photosV2/155ff2e8-1db1-457c-b455-5ad345d22c10-retina-large.jpeg",https://www.doordash.com/store/armandos-mexican-food-moreno-valley-240502/1730119/consider,chile-verde-burrito-198880670.jpg,
240502,Armandos Mexican Food,category-20595913,Burritos,Generously filled burritos made fresh to order.,198880659,Del Mar Burrito,"Fresh shrimp, tender crab meat, rice, sour cream, and cabbage wrapped in a soft flour tortilla.",$13.56_),,del-mar-burrito-198880659.jpg,"https://img.cdn4dd.com/cdn-cgi/image/fit=contain,width=1200,height=672,format=auto/https://doordash-static.s3.amazonaws.com/media/photosV2/afb26348-b8db-4e11-baa2-97c900f0ca41-retina-large.jpg",https://www.doordash.com/store/armandos-mexican-food-moreno-valley-240502/1730119/consider,del-mar-burrito-198880659.jpg,
240502,Armandos Mexican Food,category-20595913,Burritos,Generously filled burritos made fresh to order.,22783650552,Diabla Burrito,"Fresh shrimp, rice, picó de gallo, sliced avocado, and diabla sauce wrapped in a soft flour tortilla.",$14.50_),,diabla-burrito-22783650552.jpg,"https://img.cdn4dd.com/cdn-cgi/image/fit=contain,width=1200,height=672,format=auto/https://doordash-static.s3.amazonaws.com/media/photosV2/dbb258a9-f8cb-4c03-9ef6-0175c1274fb0-retina-large.jpeg",https://www.doordash.com/store/armandos-mexican-food-moreno-valley-240502/1730119/consider,diabla-burrito-22783650552.jpg,
240502,Armandos Mexican Food,category-20595913,Burritos,Generously filled burritos made fresh to order.,198880635,Fish Burrito,"Tender fried fish, sour cream, picó de gallo, and cabbage wrapped in a soft flour tortilla.",$12.76_),,fish-burrito-198880635.jpg,"https://img.cdn4dd.com/cdn-cgi/image/fit=contain,width=1200,height=672,format=auto/https://doordash-static.s3.amazonaws.com/media/photosV2/0800abe6-fef7-4729-939e-5b25c11c8910-retina-large.jpeg",https://www.doordash.com/store/armandos-mexican-food-moreno-valley-240502/1730119/consider,fish-burrito-198880635.jpg,
240502,Armandos Mexican Food,category-20595913,Burritos,Generously filled burritos made fresh to order.,198880667,Ground Beef Burrito,"Ground beef, sour cream, cheese, and shredded lettuce wrapped in a soft flour tortilla.",$12.99_),,ground-beef-burrito-198880667.jpg,"https://img.cdn4dd.com/cdn-cgi/image/fit=contain,width=1200,height=672,format=auto/https://doordash-static.s3.amazonaws.com/media/photosV2/48a1591f-a08a-4216-94f3-401478069d07-retina-large.jpg",https://www.doordash.com/store/armandos-mexican-food-moreno-valley-240502/1730119/consider,ground-beef-burrito-198880667.jpg,
240502,Armandos Mexican Food,category-20595913,Burritos,Generously filled burritos made fresh to order.,198880672,Mixed Burrito,"Tender shredded beef, bell peppers, onion, and refried beans wrapped in a soft flour tortilla.",$10.99_),,mixed-burrito-198880672.png,"https://img.cdn4dd.com/cdn-cgi/image/fit=contain,width=1200,height=672,format=auto/https://doordash-static.s3.amazonaws.com/media/photosV2/a66ecd82-3e3d-49ec-9175-9711901426ad-c2ceabc0-77bb-40cf-8db0-eb603c58db99-retina-large.jpg",https://www.doordash.com/store/armandos-mexican-food-moreno-valley-240502/1730119/consider,mixed-burrito-198880672.png,
240502,Armandos Mexican Food,category-20595913,Burritos,Generously filled burritos made fresh to order.,198880627,Pollo Asado Burrito,"Grilled chicken, guacamole, and picó de gallo wrapped in a soft flour tortilla.",$13.99_),,carne-asada-burrito-198880626.jpg,"https://img.cdn4dd.com/cdn-cgi/image/fit=contain,width=1200,height=672,format=auto/https://doordash-static.s3.amazonaws.com/media/photosV2/717d6853-dab8-4bf7-a768-dd74ff98be09-retina-large.JPG",https://www.doordash.com/store/armandos-mexican-food-moreno-valley-240502/1730119/consider,pollo-asado-burrito-198880627.jpg,
240502,Armandos Mexican Food,category-20595913,Burritos,Generously filled burritos made fresh to order.,198880662,Shredded Beef Burrito,"Tender shredded beef, bell peppers, and onion wrapped in a soft flour tortilla.",$10.99_),,shredded-beef-burrito-198880662.jpg,"https://img.cdn4dd.com/cdn-cgi/image/fit=contain,width=1200,height=672,format=auto/https://doordash-static.s3.amazonaws.com/media/photosV2/ae927925-e73f-4e46-90b6-c30fbb8c6ba8-retina-large.jpg",https://www.doordash.com/store/armandos-mexican-food-moreno-valley-240502/1730119/consider,shredded-beef-burrito-198880662.jpg,
240502,Armandos Mexican Food,category-20595913,Burritos,Generously filled burritos made fresh to order.,198880656,Shrimp Burrito,"Fresh shrimp, picó de gallo, sour cream, rice, and cabbage wrapped in a soft flour tortilla.",$14.99_),,shrimp-burrito-198880656.jpg,"https://img.cdn4dd.com/cdn-cgi/image/fit=contain,width=1200,height=672,format=auto/https://doordash-static.s3.amazonaws.com/media/photosV2/ca667622-3b49-421f-a864-95e90fed65e5-retina-large.jpg",https://www.doordash.com/store/armandos-mexican-food-moreno-valley-240502/1730119/consider,shrimp-burrito-198880656.jpg,
240502,Armandos Mexican Food,category-20595913,Burritos,Generously filled burritos made fresh to order.,2843786809,Supreme Burrito,"Grilled steak, a chille relleno, sour cream, rice, refried beans, onion, and cilantro wrapped in a soft flour tortilla.",$13.99_),,supreme-burrito-2843786809.jpg,"https://img.cdn4dd.com/cdn-cgi/image/fit=contain,width=1200,height=672,format=auto/https://doordash-static.s3.amazonaws.com/media/photosV2/97417484-ea7e-4f8d-8f08-8e47822ebe6d-retina-large.jpg",https://www.doordash.com/store/armandos-mexican-food-moreno-valley-240502/1730119/consider,supreme-burrito-2843786809.jpg,
240502,Armandos Mexican Food,category-20595913,Burritos,Generously filled burritos made fresh to order.,17056986042,Surf and Turf Burrito,"Grilled steak, fresh shrimp, rice, and fresh vegetables wrapped in a soft flour tortilla.",$14.34_),,surf-and-turf-burrito-17056986042.jpg,"https://img.cdn4dd.com/cdn-cgi/image/fit=contain,width=1200,height=672,format=auto/https://doordash-static.s3.amazonaws.com/media/photos/fd6e4e16-099b-40e2-8db6-941b912d73c4-retina-large-jpeg",https://www.doordash.com/store/armandos-mexican-food-moreno-valley-240502/1730119/consider,surf-and-turf-burrito-17056986042.jpg,
240502,Armandos Mexican Food,category-20595913,Burritos,Generously filled burritos made fresh to order.,198880668,Veggie Burrito,"Fresh vegetables, refried beans, and rice wrapped in a soft flour tortilla.",$8.99_),,veggie-burrito-198880668.jpg,"https://img.cdn4dd.com/cdn-cgi/image/fit=contain,width=1200,height=672,format=auto/https://doordash-static.s3.amazonaws.com/media/photosV2/4868f4be-2e36-44cc-a810-5003396565e6-retina-large.jpg",https://www.doordash.com/store/armandos-mexican-food-moreno-valley-240502/1730119/consider,veggie-burrito-198880668.jpg,
240502,Armandos Mexican Food,category-29568073,Wet Burritos,Our burritos topped with salsa rojo or salsa verde. Served with rice and refried beans.,24579992217,Adobada Wet Burrito with Red Sauce,Our adobada burrito topped with red sauce. Served with rice and refried beans.,$14.67_),,adobada-wet-burrito-red-sauce-24579992217.jpg,"https://img.cdn4dd.com/cdn-cgi/image/fit=contain,width=1200,height=672,format=auto/https://doordash-static.s3.amazonaws.com/media/photosV2/96c23b5c-31c8-40b4-9457-51c351f0f69d-retina-large.jpg",https://www.doordash.com/store/armandos-mexican-food-moreno-valley-240502/1730119/consider,adobada-wet-burrito-red-sauce-24579992217.jpg,
240502,Armandos Mexican Food,category-29568073,Wet Burritos,Our burritos topped with salsa rojo or salsa verde. Served with rice and refried beans.,30381328433,Cabeza Wet Burrito with Red Sauce,Our cabeza burrito topped with red sauce. Served with rice and refried beans.,$15_),,lengua-wet-burrito-red-sauce-30381246062.jpg,"https://img.cdn4dd.com/cdn-cgi/image/fit=contain,width=1200,height=672,format=auto/https://doordash-static.s3.amazonaws.com/media/photosV2/62017985-290d-48ab-b8d8-b4fc5f981201-retina-large.jpg",https://www.doordash.com/store/armandos-mexican-food-moreno-valley-240502/1730119/consider,cabeza-wet-burrito-red-sauce-30381328433.jpg,
240502,Armandos Mexican Food,category-29568073,Wet Burritos,Our burritos topped with salsa rojo or salsa verde. Served with rice and refried beans.,24580195808,California Wet Burrito / Red Sauce / Guacamole / Pico / Cheese / Sour Cream / Fries / Only,"Our California burrito - carne asada, guacamole, pico de gallo, sour cream, cheese, and french fries - Served with rice and refried beans.",$15.15_),,carnitas-wet-burrito-red-sauce-9871525714.jpg,"https://img.cdn4dd.com/cdn-cgi/image/fit=contain,width=1200,height=672,format=auto/https://doordash-static.s3.amazonaws.com/media/photosV2/dd0df955-a000-4324-b493-814987ca3bab-retina-large.jpg",https://www.doordash.com/store/armandos-mexican-food-moreno-valley-240502/1730119/consider,cali-wet-burrito-red-sauce-guacamole-pico-cheese-sour-cream-fries-only-24580195808.jpg,
240502,Armandos Mexican Food,category-29568073,Wet Burritos,Our burritos topped with salsa rojo or salsa verde. Served with rice and refried beans.,9871951347,Carne Asada Wet Burrito with Green Sauce,Served with rice and refried beans.,$14.56_),,carne-asada-wet-burrito-green-sauce-9871951347.jpg,"https://img.cdn4dd.com/cdn-cgi/image/fit=contain,width=1200,height=672,format=auto/https://doordash-static.s3.amazonaws.com/media/photosV2/316120ed-c99b-4bc6-a9fa-7a7942c932d9-retina-large.jpg",https://www.doordash.com/store/armandos-mexican-food-moreno-valley-240502/1730119/consider,carne-asada-wet-burrito-green-sauce-9871951347.jpg,
240502,Armandos Mexican Food,category-29568073,Wet Burritos,Our burritos topped with salsa rojo or salsa verde. Served with rice and refried beans.,9872697488,Carne Asada Wet Burrito with Red and Green Sauce,Served with rice and refried beans.,$14.69_),,carne-asada-wet-burrito-red-and-green-sauce-9872697488.jpg,"https://img.cdn4dd.com/cdn-cgi/image/fit=contain,width=1200,height=672,format=auto/https://doordash-static.s3.amazonaws.com/media/photosV2/7e0b75e6-3a93-4b2c-bbee-3d77512b737a-retina-large.jpg",https://www.doordash.com/store/armandos-mexican-food-moreno-valley-240502/1730119/consider,carne-asada-wet-burrito-red-and-green-sauce-9872697488.jpg,
240502,Armandos Mexican Food,category-29568073,Wet Burritos,Our burritos topped with salsa rojo or salsa verde. Served with rice and refried beans.,9872697486,Carne Asada Wet Burrito Red Sauce,Served with rice and refried beans.,$14.99_),,adobada-wet-burrito-red-sauce-24579992217.jpg,"https://img.cdn4dd.com/cdn-cgi/image/fit=contain,width=1200,height=672,format=auto/https://doordash-static.s3.amazonaws.com/media/photosV2/96c23b5c-31c8-40b4-9457-51c351f0f69d-retina-large.jpg",https://www.doordash.com/store/armandos-mexican-food-moreno-valley-240502/1730119/consider,carne-asada-wet-burrito-red-sauce-9872697486.jpg,
240502,Armandos Mexican Food,category-29568073,Wet Burritos,Our burritos topped with salsa rojo or salsa verde. Served with rice and refried beans.,9871525714,Carnitas Wet Burrito with Red Sauce,Served with rice and refried beans.,$14.25_),,carnitas-wet-burrito-red-sauce-9871525714.jpg,"https://img.cdn4dd.com/cdn-cgi/image/fit=contain,width=1200,height=672,format=auto/https://doordash-static.s3.amazonaws.com/media/photosV2/dd0df955-a000-4324-b493-814987ca3bab-retina-large.jpg",https://www.doordash.com/store/armandos-mexican-food-moreno-valley-240502/1730119/consider,carnitas-wet-burrito-red-sauce-9871525714.jpg,
240502,Armandos Mexican Food,category-29568073,Wet Burritos,Our burritos topped with salsa rojo or salsa verde. Served with rice and refried beans.,30381107207,Lengua Wet Burrito with Green Sauce,Our beef tongue burrito topped with a green sauce. Served with rice and refried beans.,$15_),,lengua-wet-burrito-green-sause-30381107207.jpg,"https://img.cdn4dd.com/cdn-cgi/image/fit=contain,width=1200,height=672,format=auto/https://doordash-static.s3.amazonaws.com/media/photos/23ea6e1d-5455-48d6-a38f-792c70e6121b-retina-large-jpeg",https://www.doordash.com/store/armandos-mexican-food-moreno-valley-240502/1730119/consider,lengua-wet-burrito-green-sauce-30381107207.jpg,
240502,Armandos Mexican Food,category-29568073,Wet Burritos,Our burritos topped with salsa rojo or salsa verde. Served with rice and refried beans.,30381246062,Lengua Wet Burrito with Red Sauce,Our beef tongue burrito topped with a red sauce. Served with rice and refried beans.,$15_),,lengua-wet-burrito-red-sauce-30381246062.jpg,"https://img.cdn4dd.com/cdn-cgi/image/fit=contain,width=1200,height=672,format=auto/https://doordash-static.s3.amazonaws.com/media/photosV2/62017985-290d-48ab-b8d8-b4fc5f981201-retina-large.jpg",https://www.doordash.com/store/armandos-mexican-food-moreno-valley-240502/1730119/consider,lengua-wet-burrito-red-sauce-30381246062.jpg,
240502,Armandos Mexican Food,category-20595899,Street Tacos,"Corn tortillas piled high with your choice of meat, cilantro, and onions.",44177153503,5 Carnitas Street Tacos Special,"5 street tacos with fried, slow-cooked pork on corn tortillas, topped with fresh chopped onions and cilantro.",$11.99_),,5-carnitas-street-tacos-special-44177153503.jpg,"https://img.cdn4dd.com/cdn-cgi/image/fit=contain,width=1200,height=672,format=auto/https://doordash-static.s3.amazonaws.com/media/photosV2/085b72b6-b7c2-4842-9c75-8a4f3698f3ab-retina-large.jpg",https://www.doordash.com/store/armandos-mexican-food-moreno-valley-240502/1730119/consider,5-carnitas-street-tacos-special-44177153503.jpg,
240502,Armandos Mexican Food,category-20595899,Street Tacos,"Corn tortillas piled high with your choice of meat, cilantro, and onions.",769016784,10 Hard Shell Potato Tacos with Lettuce and Cheese,"10 crispy, hard shell tacos stuffed with crispy potatoes and topped with shredded lettuce and cheese.",$22.99_),,10-hard-shell-potato-tacos-lettuce-and-cheese-769016784.jpg,"https://img.cdn4dd.com/cdn-cgi/image/fit=contain,width=1200,height=672,format=auto/https://doordash-static.s3.amazonaws.com/media/photosV2/b3349bce-f504-4c9a-bd19-30cb213c3aa9-retina-large.jpeg",https://www.doordash.com/store/armandos-mexican-food-moreno-valley-240502/1730119/consider,10-hard-shell-potato-tacos-lettuce-and-cheese-769016784.jpg,
240502,Armandos Mexican Food,category-20595899,Street Tacos,"Corn tortillas piled high with your choice of meat, cilantro, and onions.",198880534,Adobada Mini Taco,Fried slow-cooked pork on a soft corn torilla topped with fresh chopped onions and cilantro.,$3.50_),,adobada-mini-taco-198880534.jpg,"https://img.cdn4dd.com/cdn-cgi/image/fit=contain,width=1200,height=672,format=auto/https://doordash-static.s3.amazonaws.com/media/photosV2/cbb44685-5c83-41bf-ba8f-5c0138f85f40-retina-large.JPG",https://www.doordash.com/store/armandos-mexican-food-moreno-valley-240502/1730119/consider,adobada-mini-taco-198880534.jpg,
240502,Armandos Mexican Food,category-20595899,Street Tacos,"Corn tortillas piled high with your choice of meat, cilantro, and onions.",198880535,Cabeza Mini Taco,"Tender beef head on a soft corn tortilla, topped with fresh chopped onions and cilantro.",$3.50_),,cabeza-mini-taco-198880535.jpg,"https://img.cdn4dd.com/cdn-cgi/image/fit=contain,width=1200,height=672,format=auto/https://doordash-static.s3.amazonaws.com/media/photosV2/8cc0f09f-da89-4244-9a72-a4c6843aad3a-retina-large.JPG",https://www.doordash.com/store/armandos-mexican-food-moreno-valley-240502/1730119/consider,cabeza-mini-taco-198880535.jpg,
240502,Armandos Mexican Food,category-20595899,Street Tacos,"Corn tortillas piled high with your choice of meat, cilantro, and onions.",198880530,Carne Asada Mini Taco,"Tender grilled beef on a soft corn tortilla, topped with fresh chopped onions and cilantro.",$3.50_),,carne-asada-mini-taco-198880530.jpg,"https://img.cdn4dd.com/cdn-cgi/image/fit=contain,width=1200,height=672,format=auto/https://doordash-static.s3.amazonaws.com/media/photosV2/81dc973e-040b-4dfa-81de-12b32c555e0c-retina-large.JPG",https://www.doordash.com/store/armandos-mexican-food-moreno-valley-240502/1730119/consider,carne-asada-mini-taco-198880530.jpg,
240502,Armandos Mexican Food,category-20595899,Street Tacos,"Corn tortillas piled high with your choice of meat, cilantro, and onions.",198880532,Carnitas Mini Taco,Slow-cooked pork on a soft tortilla topped with fresh chopped onions and cilantro.,$3.50_),,carnitas-mini-taco-198880532.jpg,"https://img.cdn4dd.com/cdn-cgi/image/fit=contain,width=1200,height=672,format=auto/https://doordash-static.s3.amazonaws.com/media/photosV2/f8599e04-cd72-4d22-8c01-f2fd41ec2214-retina-large.JPG",https://www.doordash.com/store/armandos-mexican-food-moreno-valley-240502/1730119/consider,carnitas-mini-taco-198880532.jpg,
240502,Armandos Mexican Food,category-20595899,Street Tacos,"Corn tortillas piled high with your choice of meat, cilantro, and onions.",198880536,Ceviche Tostada,"Fresh shrimp ceviche with diced tomatoes, onions, cilantro, and avocado on a crisp tostada, garnished with lime.",$10.25_),,ceviche-tostada-198880536.jpg,"https://img.cdn4dd.com/cdn-cgi/image/fit=contain,width=1200,height=672,format=auto/https://doordash-static.s3.amazonaws.com/media/photosV2/b1279934-42ae-44b6-bc0e-0e6a459febae-b70c2bea-e195-4e4c-9e33-d1312ee690af-retina-large.jpg",https://www.doordash.com/store/armandos-mexican-food-moreno-valley-240502/1730119/consider,ceviche-tostada-198880536.jpg,
240502,Armandos Mexican Food,category-20595899,Street Tacos,"Corn tortillas piled high with your choice of meat, cilantro, and onions.",198880533,Pollo Asado Mini Taco,Grilled chicken on a soft corn tortilla with topped with fresh chopped onions and cilantro.,$3.50_),,pollo-asado-mini-taco-198880533.jpg,"https://img.cdn4dd.com/cdn-cgi/image/fit=contain,width=1200,height=672,format=auto/https://doordash-static.s3.amazonaws.com/media/photosV2/47ac260c-5575-4021-93e8-33505f0de531-retina-large.jpg",https://www.doordash.com/store/armandos-mexican-food-moreno-valley-240502/1730119/consider,pollo-asado-mini-taco-198880533.jpg,
240502,Armandos Mexican Food,category-20595899,Street Tacos,"Corn tortillas piled high with your choice of meat, cilantro, and onions.",7995395228,5 Carne Asada Street Tacos Special,5 grilled steak street tacos on soft corn tortillas topped with fresh chopped onion and cilantro.,$12.99_),,special-5-carne-asada-street-tacos-7995395228.jpg,"https://img.cdn4dd.com/cdn-cgi/image/fit=contain,width=1200,height=672,format=auto/https://doordash-static.s3.amazonaws.com/media/photosV2/39974568-6a21-441c-a1de-ef96dde7401c-retina-large.jpg",https://www.doordash.com/store/armandos-mexican-food-moreno-valley-240502/1730119/consider,special-5-carne-asada-street-tacos-7995395228.jpg,
240502,Armandos Mexican Food,category-20595899,Street Tacos,"Corn tortillas piled high with your choice of meat, cilantro, and onions.",359794279,Special Packet #1 - 20 Mini Tacos,"20 street tacos with onion, cilantro, and your choice of meat - any combination.",$49_),,special-packet-1-359794279.png,"https://img.cdn4dd.com/cdn-cgi/image/fit=contain,width=1200,height=672,format=auto/https://doordash-static.s3.amazonaws.com/media/photosV2/69e32e42-5335-4303-bec0-2757f1892da2-06d294e7-6679-4d2a-aa5e-2c6c0c3dd076-retina-large.jpg",https://www.doordash.com/store/armandos-mexican-food-moreno-valley-240502/1730119/consider,special-packet-1-359794279.png,
240502,Armandos Mexican Food,category-20595899,Street Tacos,"Corn tortillas piled high with your choice of meat, cilantro, and onions.",359796582,Special Packet #2 - 20 Mini Tacos with Rice and Beans,"20 street tacos with onion, cilantro, and your choice of meat - any combination. Includes a small tray of rice and refried beans.",$59_),,special-packet-2-359796582.jpg,"https://img.cdn4dd.com/cdn-cgi/image/fit=contain,width=1200,height=672,format=auto/https://doordash-static.s3.amazonaws.com/media/photosV2/e21ab423-de9c-455a-8bef-b89dca7f7f14-retina-large.jpg",https://www.doordash.com/store/armandos-mexican-food-moreno-valley-240502/1730119/consider,special-packet-2-359796582.jpg,
240502,Armandos Mexican Food,category-20595909,Tacos,Full-sized tacos stuffed with meat and toppings.,11651480977,3 Fish Tacos Special,"Crispy fish topped with shredded cabbage, fresh salsa, and a drizzle of creamy sauce, served in 3 soft tortillas.",$12.56_),,3-fish-tacos-special-11651480977.jpg,"https://img.cdn4dd.com/cdn-cgi/image/fit=contain,width=1200,height=672,format=auto/https://doordash-static.s3.amazonaws.com/media/photosV2/4df3abaa-5c12-4342-a2a4-523046705c6e-retina-large.jpg",https://www.doordash.com/store/armandos-mexican-food-moreno-valley-240502/1730119/consider,3-fish-tacos-special-11651480977.jpg,
240502,Armandos Mexican Food,category-20595909,Tacos,Full-sized tacos stuffed with meat and toppings.,17056986048,3 Quesabirria Tacos with Consome (8oz),"Slow-cooked beef and melted cheese, cilantro, and onions melted into a crispy taco shell. Served with a side of savory beef broth.",$10.67_),,3-quesabirria-tacos-with-consome-8oz-17056986048.jpg,"https://img.cdn4dd.com/cdn-cgi/image/fit=contain,width=1200,height=672,format=auto/https://doordash-static.s3.amazonaws.com/media/photosV2/af0de756-285c-428a-afb2-00baf51338c1-retina-large.jpg",https://www.doordash.com/store/armandos-mexican-food-moreno-valley-240502/1730119/consider,3-quesabirria-tacos-with-consome-8-oz-17056986048.jpg,
240502,Armandos Mexican Food,category-20595909,Tacos,Full-sized tacos stuffed with meat and toppings.,198880593,Adobada Taco,"Spicy marinated pork on a soft corn tortilla topped with guacamole, diced tomatoes, onions, and cilantro.",$4.22_),,adobada-taco-198880593.jpg,"https://img.cdn4dd.com/cdn-cgi/image/fit=contain,width=1200,height=672,format=auto/https://doordash-static.s3.amazonaws.com/media/photosV2/b656b3e0-4eed-49fc-a3b8-c2872151589e-retina-large.jpeg",https://www.doordash.com/store/armandos-mexican-food-moreno-valley-240502/1730119/consider,adobada-taco-198880593.jpg,
240502,Armandos Mexican Food,category-20595909,Tacos,Full-sized tacos stuffed with meat and toppings.,198880594,Beef Taco,"Grilled steak, shredded lettuce, and cheese in a crispy hard shell taco.",$3.99_),,beef-taco-198880594.png,"https://img.cdn4dd.com/cdn-cgi/image/fit=contain,width=1200,height=672,format=auto/https://doordash-static.s3.amazonaws.com/media/photosV2/ca1ffbde-9998-4443-bc51-cd2b91201809-retina-large.png",https://www.doordash.com/store/armandos-mexican-food-moreno-valley-240502/1730119/consider,beef-taco-198880594.png,
240502,Armandos Mexican Food,category-20595909,Tacos,Full-sized tacos stuffed with meat and toppings.,8139021260,Birria Taco Salad,"Tender slow-cooked beef in a crispy hard shell bowl with rice, sour cream, avocado, cheese, lettuce, and picó de gallo.",$11.99_),,birria-taco-salad-8139021260.jpg,"https://img.cdn4dd.com/cdn-cgi/image/fit=contain,width=1200,height=672,format=auto/https://doordash-static.s3.amazonaws.com/media/photosV2/d12f61d6-f514-415d-a7da-ca12927f8df9-retina-large.jpg",https://www.doordash.com/store/armandos-mexican-food-moreno-valley-240502/1730119/consider,birria-taco-salad-8139021260.jpg,
240502,Armandos Mexican Food,category-20595909,Tacos,Full-sized tacos stuffed with meat and toppings.,198880597,Cabeza Taco,Tender beef head on a soft corn torilla topped with fresh chopped onion and cilantro.,$4.24_),,cabeza-taco-198880597.jpg,"https://img.cdn4dd.com/cdn-cgi/image/fit=contain,width=1200,height=672,format=auto/https://doordash-static.s3.amazonaws.com/media/photos/7b135372-9f20-4dd9-b576-779420b60c0e-retina-large-jpeg",https://www.doordash.com/store/armandos-mexican-food-moreno-valley-240502/1730119/consider,cabeza-taco-198880597.jpg,
240502,Armandos Mexican Food,category-20595909,Tacos,Full-sized tacos stuffed with meat and toppings.,198880589,Carne Asada Taco,"Grilled steak on a soft corn torilla topped with guacamole, picó de gallo, onion, and cilantro.",$4.99_),,carne-asada-taco-198880589.jpg,"https://img.cdn4dd.com/cdn-cgi/image/fit=contain,width=1200,height=672,format=auto/https://doordash-static.s3.amazonaws.com/media/photos/fb65fdaa-f194-4656-bd5b-3ecafee348dd-retina-large-jpeg",https://www.doordash.com/store/armandos-mexican-food-moreno-valley-240502/1730119/consider,carne-asada-taco-198880589.jpg,
240502,Armandos Mexican Food,category-20595909,Tacos,Full-sized tacos stuffed with meat and toppings.,198880609,Carne Asada Taco Salad,"Grilled steak in a crispy hard shell bowl with avocado, sour cream, cheese, picó de gallo, rice, and lettuce. Garnished with orange.",$9.67_),,carne-asada-taco-salad-198880609.jpg,"https://img.cdn4dd.com/cdn-cgi/image/fit=contain,width=1200,height=672,format=auto/https://doordash-static.s3.amazonaws.com/media/photos/02081e06-6043-428b-9d37-aaec74408a2f-retina-large-jpeg",https://www.doordash.com/store/armandos-mexican-food-moreno-valley-240502/1730119/consider,carne-asada-taco-salad-198880609.jpg,
240502,Armandos Mexican Food,category-20595909,Tacos,Full-sized tacos stuffed with meat and toppings.,198880592,Carnitas Taco,"Tender shredded pork with creamy sliced avocado, diced tomatoes, onions, and fresh cilantro in a soft tortilla.",$4.22_),,carnitas-taco-198880592.jpg,"https://img.cdn4dd.com/cdn-cgi/image/fit=contain,width=1200,height=672,format=auto/https://doordash-static.s3.amazonaws.com/media/photos/be27b75f-046d-4c77-85d5-b0bdf9abef09-retina-large-jpeg",https://www.doordash.com/store/armandos-mexican-food-moreno-valley-240502/1730119/consider,carnitas-taco-198880592.jpg,
240502,Armandos Mexican Food,category-20595909,Tacos,Full-sized tacos stuffed with meat and toppings.,8139021259,Carnitas Taco Salad,"Slow-cooked pork in a crispy hard shell bowl with creamy sliced avocado, sour cream, cheese, picó de gallo, rice, and lettuce. Garnished with orange.",$10.75_),,carnitas-taco-salad-8139021259.jpg,"https://img.cdn4dd.com/cdn-cgi/image/fit=contain,width=1200,height=672,format=auto/https://doordash-static.s3.amazonaws.com/media/photosV2/6bd591ba-91c4-42d2-a3fa-27d8e8e2e691-retina-large.jpg",https://www.doordash.com/store/armandos-mexican-food-moreno-valley-240502/1730119/consider,carnitas-taco-salad-8139021259.jpg,
240502,Armandos Mexican Food,category-20595909,Tacos,Full-sized tacos stuffed with meat and toppings.,564140620,Chicken Taco Salad,"Grilled chicken in a crispy hard shell bowl with creamy sliced avocado, sour cream, cheese, picó de gallo, rice, and lettuce. Garnished with orange.",$10.25_),,chicken-taco-salad-564140620.jpg,"https://img.cdn4dd.com/cdn-cgi/image/fit=contain,width=1200,height=672,format=auto/https://doordash-static.s3.amazonaws.com/media/photos/f4ebfc28-049b-401f-a65c-7f125e3c1d03-retina-large-jpeg",https://www.doordash.com/store/armandos-mexican-food-moreno-valley-240502/1730119/consider,chicken-taco-salad-564140620.jpg,
240502,Armandos Mexican Food,category-20595909,Tacos,Full-sized tacos stuffed with meat and toppings.,564140375,Del Mar Taco Salad Shrimp and Crab Meat,"Fresh shrimp and tender crab meat in a crispy hard shell bowl with sour cream, cheese, cucumber, rice, and lettuce.",$10.99_),,del-mar-taco-salad-shrimp-and-crab-meat-564140375.png,"https://img.cdn4dd.com/cdn-cgi/image/fit=contain,width=1200,height=672,format=auto/https://doordash-static.s3.amazonaws.com/media/photosV2/76fc198b-eb40-47dd-9d8b-643f81c43c6f-a3f0659b-a04a-4710-a629-e5953ab0d401-retina-large.jpg",https://www.doordash.com/store/armandos-mexican-food-moreno-valley-240502/1730119/consider,del-mar-taco-salad-shrimp-and-crab-meat-564140375.png,
240502,Armandos Mexican Food,category-20595909,Tacos,Full-sized tacos stuffed with meat and toppings.,198880595,Fish Taco,"Crispy fish topped with shredded cabbage, diced tomatoes, and fresh cilantro, drizzled with creamy sauce, all wrapped in a soft taco shell.",$3.87_),,fish-taco-198880595.jpg,"https://img.cdn4dd.com/cdn-cgi/image/fit=contain,width=1200,height=672,format=auto/https://doordash-static.s3.amazonaws.com/media/photos/61b63c44-b666-4d8e-b6de-09402555a308-retina-large-jpeg",https://www.doordash.com/store/armandos-mexican-food-moreno-valley-240502/1730119/consider,fish-taco-198880595.jpg,
240502,Armandos Mexican Food,category-20595909,Tacos,Full-sized tacos stuffed with meat and toppings.,198880603,Ground Beef Taco,"Ground beef, sour cream, cheese, and lettuce in a crispy hard shell.",$3.25_),,ground-beef-taco-198880603.jpg,"https://img.cdn4dd.com/cdn-cgi/image/fit=contain,width=1200,height=672,format=auto/https://doordash-static.s3.amazonaws.com/media/photosV2/3730357c-13b4-43c6-bf3d-c98faff5a035-retina-large.JPG",https://www.doordash.com/store/armandos-mexican-food-moreno-valley-240502/1730119/consider,ground-beef-taco-198880603.jpg,
240502,Armandos Mexican Food,category-20595909,Tacos,Full-sized tacos stuffed with meat and toppings.,198880590,Pollo Asado Taco,"Grilled chicken on a soft corn tortilla topped with guacamole, diced tomatoes, onions, and cilantro.",$4.22_),,pollo-asado-taco-198880590.jpg,"https://img.cdn4dd.com/cdn-cgi/image/fit=contain,width=1200,height=672,format=auto/https://doordash-static.s3.amazonaws.com/media/photosV2/b89880e6-be8e-401e-aa70-ea2e8cfa4131-retina-large.png",https://www.doordash.com/store/armandos-mexican-food-moreno-valley-240502/1730119/consider,pollo-asado-taco-198880590.jpg,
240502,Armandos Mexican Food,category-20595909,Tacos,Full-sized tacos stuffed with meat and toppings.,198880605,Potato Taco,,$2.45_),,potato-taco-198880605.jpg,"https://img.cdn4dd.com/cdn-cgi/image/fit=contain,width=1200,height=672,format=auto/https://doordash-static.s3.amazonaws.com/media/photosV2/d7d5019a-3042-40ed-af96-c1f07f4dbc1a-retina-large.jpeg",https://www.doordash.com/store/armandos-mexican-food-moreno-valley-240502/1730119/consider,potato-taco-198880605.jpg,
240502,Armandos Mexican Food,category-20595909,Tacos,Full-sized tacos stuffed with meat and toppings.,7176579097,Quesabirria Taco,Quesabirria taco includes cheese onion cilantro.,$4.20_),,quesabirria-taco-7176579097.jpg,"https://img.cdn4dd.com/cdn-cgi/image/fit=contain,width=1200,height=672,format=auto/https://doordash-static.s3.amazonaws.com/media/photosV2/7993a919-2fa7-48b9-927f-a9799690f38e-retina-large.jpg",https://www.doordash.com/store/armandos-mexican-food-moreno-valley-240502/1730119/consider,quesabirria-taco-7176579097.jpg,
240502,Armandos Mexican Food,category-20595909,Tacos,Full-sized tacos stuffed with meat and toppings.,359798143,Shredded Chicken Taco,With cheese and lettuce.,$2.99_),,beef-taco-198880594.png,"https://img.cdn4dd.com/cdn-cgi/image/fit=contain,width=1200,height=672,format=auto/https://doordash-static.s3.amazonaws.com/media/photosV2/ca1ffbde-9998-4443-bc51-cd2b91201809-retina-large.png",https://www.doordash.com/store/armandos-mexican-food-moreno-valley-240502/1730119/consider,shredded-chicken-taco-359798143.png,
240502,Armandos Mexican Food,category-20595909,Tacos,Full-sized tacos stuffed with meat and toppings.,198880596,Shrimp Taco,"Grilled shrimp topped with shredded cabbage, diced tomatoes, and fresh cilantro, drizzled with creamy sauce in a soft taco shell.",$4.50_),,shrimp-taco-198880596.jpg,"https://img.cdn4dd.com/cdn-cgi/image/fit=contain,width=1200,height=672,format=auto/https://doordash-static.s3.amazonaws.com/media/photosV2/931da788-cb2d-42d5-97e5-7a8ac0d4598b-retina-large.jpeg",https://www.doordash.com/store/armandos-mexican-food-moreno-valley-240502/1730119/consider,shrimp-taco-198880596.jpg,
240502,Armandos Mexican Food,category-20595909,Tacos,Full-sized tacos with generous fillings and fresh toppings.,28128242562,Shrimp Taco Salad,"Grilled shrimp atop a crispy tortilla bowl with shredded cheese, fresh picó de gallo, sliced cucumbers, and avocado.",$13.99_),,shrimp-taco-salad-28128242562.jpg,"https://img.cdn4dd.com/cdn-cgi/image/fit=contain,width=1200,height=672,format=auto/https://doordash-static.s3.amazonaws.com/media/photosV2/0b118d20-98e6-4e5d-bb3a-fd472d9cce74-retina-large.jpg",https://www.doordash.com/store/armandos-mexican-food-moreno-valley-240502/1730119/consider,shrimp-taco-salad-28128242562.jpg,
240502,Armandos Mexican Food,category-20595909,Tacos,Full-sized tacos with generous fillings and fresh toppings.,7172256177,Birria Taco,Slow-cooked birria topped with diced onion and fresh cilantro in a soft corn tortilla.,$4.15_),,quesabirria-taco-7176579097.jpg,"https://img.cdn4dd.com/cdn-cgi/image/fit=contain,width=1200,height=672,format=auto/https://doordash-static.s3.amazonaws.com/media/photosV2/7993a919-2fa7-48b9-927f-a9799690f38e-retina-large.jpg",https://www.doordash.com/store/armandos-mexican-food-moreno-valley-240502/1730119/consider,taco-birria-7172256177.jpg,
240502,Armandos Mexican Food,category-20595909,Tacos,Full-sized tacos with generous fillings and fresh toppings.,198880604,Del Mar Taco,"Shrimp and crab meat with rice, shredded cabbage, picó de gallo, and sour cream in a soft tortilla.",$4.15_),,taco-del-mar-198880604.jpg,"https://img.cdn4dd.com/cdn-cgi/image/fit=contain,width=1200,height=672,format=auto/https://doordash-static.s3.amazonaws.com/media/photosV2/06b29f12-d033-4bf1-933e-21a1c5571e05-retina-large.jpg",https://www.doordash.com/store/armandos-mexican-food-moreno-valley-240502/1730119/consider,taco-del-mar-198880604.jpg,
240502,Armandos Mexican Food,category-20595908,Tortas,Toasted Mexican sandwiches piled with savory fillings and fresh toppings.,198880582,Adobada Torta,"Marinated pork, guacamole, picó de gallo, and lettuce on a toasted Mexican roll.",$12.99_),,adobada-torta-198880582.jpg,"https://img.cdn4dd.com/cdn-cgi/image/fit=contain,width=1200,height=672,format=auto/https://doordash-static.s3.amazonaws.com/media/photos/2bc19de7-2044-471e-bdee-952796d6a163-retina-large-jpeg",https://www.doordash.com/store/armandos-mexican-food-moreno-valley-240502/1730119/consider,adobada-torta-198880582.jpg,
240502,Armandos Mexican Food,category-20595908,Tortas,Toasted Mexican sandwiches piled with savory fillings and fresh toppings.,198880580,Asada Torta,"Grilled steak, guacamole, picó de gallo, and lettuce on a toasted Mexican roll.",$12.76_),,asada-torta-198880580.jpg,"https://img.cdn4dd.com/cdn-cgi/image/fit=contain,width=1200,height=672,format=auto/https://doordash-static.s3.amazonaws.com/media/photos/081f8898-ec96-4a6f-a478-7b26e78e1868-retina-large-jpeg",https://www.doordash.com/store/armandos-mexican-food-moreno-valley-240502/1730119/consider,asada-torta-198880580.jpg,
240502,Armandos Mexican Food,category-20595908,Tortas,Toasted Mexican sandwiches piled with savory fillings and fresh toppings.,198880586,Beef Torta,"Shredded beef with tomatoes, onions, bell peppers, guacamole, and lettuce on a toasted Mexican roll.",$9.99_),,,,https://www.doordash.com/store/armandos-mexican-food-moreno-valley-240502/1730119/consider,,
240502,Armandos Mexican Food,category-20595908,Tortas,Toasted Mexican sandwiches piled with savory fillings and fresh toppings.,3736422304,Birria Torta,"Slow-cooked birria, rice, refried beans, onion, and cilantro on a toasted Mexican roll.",$12.99_),,birria-torta-3736422304.jpg,"https://img.cdn4dd.com/cdn-cgi/image/fit=contain,width=1200,height=672,format=auto/https://doordash-static.s3.amazonaws.com/media/photosV2/930e4b58-34c9-4fc7-91c3-5ff64b176421-retina-large.jpg",https://www.doordash.com/store/armandos-mexican-food-moreno-valley-240502/1730119/consider,birria-torta-3736422304.jpg,
240502,Armandos Mexican Food,category-20595908,Tortas,Toasted Mexican sandwiches piled with savory fillings and fresh toppings.,198880583,Carnitas Torta,"Tender carnitas, guacamole, picó de gallo, and lettuce on a toasted Mexican roll.",$12.99_),,carnitas-torta-198880583.png,"https://img.cdn4dd.com/cdn-cgi/image/fit=contain,width=1200,height=672,format=auto/https://doordash-static.s3.amazonaws.com/media/photosV2/09e40952-f6ff-4966-89ac-8461c8d01ffa-7e120ee1-9362-46b9-9bb0-25b9955946f4-retina-large.jpg",https://www.doordash.com/store/armandos-mexican-food-moreno-valley-240502/1730119/consider,carnitas-torta-198880583.png,
240502,Armandos Mexican Food,category-20595908,Tortas,Toasted Mexican sandwiches piled with savory fillings and fresh toppings.,198880584,Chorizo Torta,"Chorizo and egg with guacamole, picó de gallo, and lettuce on a toasted Mexican roll.",$11.99_),,chorizo-torta-198880584.jpg,"https://img.cdn4dd.com/cdn-cgi/image/fit=contain,width=1200,height=672,format=auto/https://doordash-static.s3.amazonaws.com/media/photos/f14785d4-dd48-400f-8d03-9563c947b13c-retina-large-jpeg",https://www.doordash.com/store/armandos-mexican-food-moreno-valley-240502/1730119/consider,chorizo-torta-198880584.jpg,
240502,Armandos Mexican Food,category-20595908,Tortas,Toasted Mexican sandwiches piled with savory fillings and fresh toppings.,198880588,Ham Torta,"Breakfast ham, sliced avocado, tomatoes, and lettuce on a toasted Mexican roll.",$9.67_),,ham-torta-198880588.jpg,"https://img.cdn4dd.com/cdn-cgi/image/fit=contain,width=1200,height=672,format=auto/https://doordash-static.s3.amazonaws.com/media/photosV2/573c6d2c-789a-406d-869f-3e12fcfcb7e5-retina-large.jpg",https://www.doordash.com/store/armandos-mexican-food-moreno-valley-240502/1730119/consider,ham-torta-198880588.jpg,
240502,Armandos Mexican Food,category-20595908,Tortas,Toasted Mexican sandwiches piled with savory fillings and fresh toppings.,198880585,Machaca Torta,"Shredded beef and eggs with tomatoes, bell peppers, onions, guacamole, and lettuce on a toasted Mexican roll.",$10.99_),,,,https://www.doordash.com/store/armandos-mexican-food-moreno-valley-240502/1730119/consider,,
240502,Armandos Mexican Food,category-20595908,Tortas,Toasted Mexican sandwiches piled with savory fillings and fresh toppings.,198880581,Pollo Asado Torta,"Grilled chicken, guacamole, picó de gallo, and lettuce on a toasted Mexican roll.",$12.99_),,pollo-asado-torta-198880581.png,"https://img.cdn4dd.com/cdn-cgi/image/fit=contain,width=1200,height=672,format=auto/https://doordash-static.s3.amazonaws.com/media/photosV2/2a73c824-5139-4aef-81c0-d99d82168f36-6c1daa5f-97ec-46e5-b674-41664fb772c2-retina-large.jpg",https://www.doordash.com/store/armandos-mexican-food-moreno-valley-240502/1730119/consider,pollo-asado-torta-198880581.png,
240502,Armandos Mexican Food,category-20595908,Tortas,Toasted Mexican sandwiches piled with savory fillings and fresh toppings.,445069647,Torta with Fries,"Your choice of meat and classic torta toppings on a toasted Mexican roll, served with french fries.",$11.67_),,torta-with-fries-445069647.jpg,"https://img.cdn4dd.com/cdn-cgi/image/fit=contain,width=1200,height=672,format=auto/https://doordash-static.s3.amazonaws.com/media/photosV2/d7167e01-258f-44bc-973b-9661785c01bc-retina-large.JPG",https://www.doordash.com/store/armandos-mexican-food-moreno-valley-240502/1730119/consider,torta-with-fries-445069647.jpg,
240502,Armandos Mexican Food,category-20595900,Sopes,"Thick corn masa bases layered with beans, meat, lettuce, and cheese.",198880540,Adobada Sope,"A thick corn masa base topped with marinated pork, refried beans, lettuce, and cheese.",$4.99_),,adobada-sope-198880540.jpg,"https://img.cdn4dd.com/cdn-cgi/image/fit=contain,width=1200,height=672,format=auto/https://doordash-static.s3.amazonaws.com/media/photosV2/d19c7b86-e598-4443-8bd1-cd69a5ae3318-retina-large.jpg",https://www.doordash.com/store/armandos-mexican-food-moreno-valley-240502/1730119/consider,adobada-sope-198880540.jpg,
240502,Armandos Mexican Food,category-20595900,Sopes,"Thick corn masa bases layered with beans, meat, lettuce, and cheese.",198880537,Asada Sope,"A thick corn masa base topped with grilled steak, refried beans, lettuce, and cheese.",$4.99_),,asada-sope-198880537.jpg,"https://img.cdn4dd.com/cdn-cgi/image/fit=contain,width=1200,height=672,format=auto/https://doordash-static.s3.amazonaws.com/media/photosV2/f59f7587-c10f-4c1e-90fd-24bca4907896-retina-large.jpg",https://www.doordash.com/store/armandos-mexican-food-moreno-valley-240502/1730119/consider,asada-sope-198880537.jpg,
240502,Armandos Mexican Food,category-20595900,Sopes,"Thick corn masa bases layered with beans, meat, lettuce, and cheese.",198880541,Beef Sope,"A thick corn masa base topped with shredded beef, refried beans, lettuce, cheese, and sour cream.",$4.99_),,pollo-sope-198880539.jpg,"https://img.cdn4dd.com/cdn-cgi/image/fit=contain,width=1200,height=672,format=auto/https://doordash-static.s3.amazonaws.com/media/photosV2/b2dad8e9-bdb9-42f8-a38c-1e2a492519e6-retina-large.jpeg",https://www.doordash.com/store/armandos-mexican-food-moreno-valley-240502/1730119/consider,beef-sope-198880541.jpg,
240502,Armandos Mexican Food,category-20595900,Sopes,"Thick corn masa bases layered with beans, meat, lettuce, and cheese.",6416075485,Birria Sope,"A thick corn masa base topped with slow-cooked birria, refried beans, lettuce, and cheese.",$4.99_),,,,https://www.doordash.com/store/armandos-mexican-food-moreno-valley-240502/1730119/consider,,
240502,Armandos Mexican Food,category-20595900,Sopes,"Thick corn masa bases layered with beans, meat, lettuce, and cheese.",564138398,Cabeza Sope,"A thick corn masa base topped with tender beef head, refried beans, lettuce, and cheese.",$4.99_),,cabeza-sope-564138398.jpg,"https://img.cdn4dd.com/cdn-cgi/image/fit=contain,width=1200,height=672,format=auto/https://doordash-static.s3.amazonaws.com/media/photosV2/9c9e00a5-6fd2-48bf-913d-0e9a10643ef7-retina-large.jpeg",https://www.doordash.com/store/armandos-mexican-food-moreno-valley-240502/1730119/consider,cabeza-sope-564138398.jpg,
240502,Armandos Mexican Food,category-20595900,Sopes,"Thick corn masa bases layered with beans, meat, lettuce, and cheese.",198880542,Carnitas Sope,"A thick corn masa base topped with tender carnitas, refried beans, lettuce, and cheese.",$4.99_),,carnitas-sope-198880542.jpg,"https://img.cdn4dd.com/cdn-cgi/image/fit=contain,width=1200,height=672,format=auto/https://doordash-static.s3.amazonaws.com/media/photosV2/4d329c52-c736-4979-9567-7d39abf7466b-retina-large.jpg",https://www.doordash.com/store/armandos-mexican-food-moreno-valley-240502/1730119/consider,carnitas-sope-198880542.jpg,
240502,Armandos Mexican Food,category-20595900,Sopes,"Thick corn masa bases layered with beans, meat, lettuce, and cheese.",198880539,Pollo Sope,"A thick corn masa base topped with shredded chicken, refried beans, lettuce, and cheese.",$4.99_),,pollo-sope-198880539.jpg,"https://img.cdn4dd.com/cdn-cgi/image/fit=contain,width=1200,height=672,format=auto/https://doordash-static.s3.amazonaws.com/media/photosV2/b2dad8e9-bdb9-42f8-a38c-1e2a492519e6-retina-large.jpeg",https://www.doordash.com/store/armandos-mexican-food-moreno-valley-240502/1730119/consider,pollo-sope-198880539.jpg,
240502,Armandos Mexican Food,category-20595900,Sopes,"Thick corn masa bases layered with beans, meat, lettuce, and cheese.",564138455,Veggie Sope,"A meatless thick corn masa base topped with refried beans, lettuce, and cheese.",$4.10_),,pollo-sope-198880539.jpg,"https://img.cdn4dd.com/cdn-cgi/image/fit=contain,width=1200,height=672,format=auto/https://doordash-static.s3.amazonaws.com/media/photosV2/b2dad8e9-bdb9-42f8-a38c-1e2a492519e6-retina-large.jpeg",https://www.doordash.com/store/armandos-mexican-food-moreno-valley-240502/1730119/consider,veggie-sope-beans-cheese-lettuce-no-meat-564138455.jpg,
240502,Armandos Mexican Food,category-20595906,Tostadas,"Crisp tostada shells layered with beans, meat, lettuce, and cheese.",198880574,Bean Tostada,"A crisp tostada shell topped with refried beans, lettuce, and cheese.",$5.67_),,beans-tostada-198880574.jpg,"https://img.cdn4dd.com/cdn-cgi/image/fit=contain,width=1200,height=672,format=auto/https://doordash-static.s3.amazonaws.com/media/photos/4f0a7e69-20c4-4b7b-9c2e-5a6d02918b28-retina-large-jpeg",https://www.doordash.com/store/armandos-mexican-food-moreno-valley-240502/1730119/consider,beans-tostada-198880574.jpg,
240502,Armandos Mexican Food,category-20595906,Tostadas,"Crisp tostada shells layered with beans, meat, lettuce, and cheese.",198880573,Beef Tostada,"A crisp tostada shell topped with shredded beef, refried beans, lettuce, and cheese.",$6_),,beef-tostada-198880573.jpg,"https://img.cdn4dd.com/cdn-cgi/image/fit=contain,width=1200,height=672,format=auto/https://doordash-static.s3.amazonaws.com/media/photos/3964c09d-eaa6-47e4-9ece-91fd91d5d782-retina-large-jpeg",https://www.doordash.com/store/armandos-mexican-food-moreno-valley-240502/1730119/consider,beef-tostada-198880573.jpg,
240502,Armandos Mexican Food,category-20595906,Tostadas,"Crisp tostada shells layered with beans, meat, lettuce, and cheese.",198880570,Carne Asada Tostada,"A crisp tostada shell topped with grilled steak, refried beans, lettuce, and cheese.",$6.99_),,carne-asada-tostada-198880570.jpg,"https://img.cdn4dd.com/cdn-cgi/image/fit=contain,width=1200,height=672,format=auto/https://doordash-static.s3.amazonaws.com/media/photos/18b33790-464e-4e0e-946b-d43421acc82c-retina-large-jpeg",https://www.doordash.com/store/armandos-mexican-food-moreno-valley-240502/1730119/consider,carne-asada-tostada-198880570.jpg,
240502,Armandos Mexican Food,category-20595906,Tostadas,"Crisp tostada shells layered with beans, meat, lettuce, and cheese.",3827669440,Carnitas Tostada,"A crisp tostada shell topped with tender carnitas, refried beans, lettuce, and cheese.",$6.99_),,carnitas-tostada-3827669440.jpg,"https://img.cdn4dd.com/cdn-cgi/image/fit=contain,width=1200,height=672,format=auto/https://doordash-static.s3.amazonaws.com/media/photosV2/e0f23055-dfce-4da0-852a-c838421a12eb-retina-large.JPG",https://www.doordash.com/store/armandos-mexican-food-moreno-valley-240502/1730119/consider,carnitas-tostada-3827669440.jpg,
240502,Armandos Mexican Food,category-20595906,Tostadas,"Crisp tostada shells layered with beans, meat, lettuce, and cheese.",198880572,Chicken Tostada,"A crisp tostada shell topped with grilled chicken, refried beans, lettuce, and cheese.",$6.99_),,chicken-tostada-198880572.jpg,"https://img.cdn4dd.com/cdn-cgi/image/fit=contain,width=1200,height=672,format=auto/https://doordash-static.s3.amazonaws.com/media/photosV2/6e40c1e2-e642-4902-b598-538146420557-retina-large.JPG",https://www.doordash.com/store/armandos-mexican-food-moreno-valley-240502/1730119/consider,chicken-tostada-198880572.jpg,
240502,Armandos Mexican Food,category-20595906,Tostadas,"Crisp tostada shells layered with beans, meat, lettuce, and cheese.",22783650559,Lengua Tostada,"A crisp tostada shell topped with tender beef tongue, refried beans, lettuce, and cheese.",$8.99_),,,,https://www.doordash.com/store/armandos-mexican-food-moreno-valley-240502/1730119/consider,,
240502,Armandos Mexican Food,category-20595906,Tostadas,"Crisp tostada shells layered with beans, meat, lettuce, and cheese.",6929631873,Al Pastor Tostada,"A crisp tostada shell topped with marinated pork, refried beans, lettuce, and cheese.",$6.99_),,,,https://www.doordash.com/store/armandos-mexican-food-moreno-valley-240502/1730119/consider,,
240502,Armandos Mexican Food,category-20595907,Enchiladas,"Rolled corn tortillas topped with salsa, cheese, and lettuce.",6912777372,Asada Enchiladas with Green Sauce,"Carne asada rolled in corn tortillas, topped with green salsa, cheese, and shredded lettuce.",$8.99_),,two-chicken-enchiladas-rice-and-beans-5765626765.jpg,"https://img.cdn4dd.com/cdn-cgi/image/fit=contain,width=1200,height=672,format=auto/https://doordash-static.s3.amazonaws.com/media/photosV2/a2e56aa0-c7c8-4d88-95fc-f294c566849d-retina-large.jpg",https://www.doordash.com/store/armandos-mexican-food-moreno-valley-240502/1730119/consider,asada-enchiladas-green-sauce-6912777372.jpg,
240502,Armandos Mexican Food,category-20595907,Enchiladas,"Rolled corn tortillas topped with salsa, cheese, and lettuce.",6921460910,Asada Enchiladas with Red Sauce,"Carne asada rolled in corn tortillas, topped with red salsa, cheese, and shredded lettuce.",$8.67_),,cheese-enchiladas-198880575.jpg,"https://img.cdn4dd.com/cdn-cgi/image/fit=contain,width=1200,height=672,format=auto/https://doordash-static.s3.amazonaws.com/media/photos/bae599a6-aa29-4528-8d22-9cb49298e37c-retina-large-jpeg",https://www.doordash.com/store/armandos-mexican-food-moreno-valley-240502/1730119/consider,asada-enchiladas-red-sauce-6921460910.jpg,
240502,Armandos Mexican Food,category-20595907,Enchiladas,"Rolled corn tortillas topped with salsa, cheese, and lettuce.",198880576,Beef Enchiladas,"Shredded beef rolled in corn tortillas, topped with red salsa, cheese, and shredded lettuce.",$8.99_),,two-enchiladas-combo-1-chicken-1-cheese-red-sauce-8880117979.jpg,"https://img.cdn4dd.com/cdn-cgi/image/fit=contain,width=1200,height=672,format=auto/https://doordash-static.s3.amazonaws.com/media/photos/c4cbacdf-ff2c-494b-b3ed-463b9a863c0b-retina-large-jpeg",https://www.doordash.com/store/armandos-mexican-food-moreno-valley-240502/1730119/consider,beef-enchiladas-198880576.jpg,
240502,Armandos Mexican Food,category-20595907,Enchiladas,"Rolled corn tortillas topped with salsa, cheese, and lettuce.",198880575,Cheese Enchiladas,"Cheese rolled in corn tortillas, topped with red salsa, more cheese, and shredded lettuce.",$8.99_),,cheese-enchiladas-198880575.jpg,"https://img.cdn4dd.com/cdn-cgi/image/fit=contain,width=1200,height=672,format=auto/https://doordash-static.s3.amazonaws.com/media/photos/bae599a6-aa29-4528-8d22-9cb49298e37c-retina-large-jpeg",https://www.doordash.com/store/armandos-mexican-food-moreno-valley-240502/1730119/consider,cheese-enchiladas-198880575.jpg,
240502,Armandos Mexican Food,category-20595907,Enchiladas,"Rolled corn tortillas topped with salsa, cheese, and lettuce.",198880579,Chicken Enchiladas,"Tender chicken rolled in corn tortillas, topped with red salsa, cheese, and shredded lettuce.",$8.99_),,chicken-enchiladas-198880579.jpg,"https://img.cdn4dd.com/cdn-cgi/image/fit=contain,width=1200,height=672,format=auto/https://doordash-static.s3.amazonaws.com/media/photos/f991703d-21c9-4b7f-9336-0da28ffe4102-retina-large-jpeg",https://www.doordash.com/store/armandos-mexican-food-moreno-valley-240502/1730119/consider,chicken-enchiladas-198880579.jpg,
240502,Armandos Mexican Food,category-20595907,Enchiladas,"Rolled corn tortillas topped with salsa, cheese, and lettuce.",6918221785,Grilled Chicken Enchiladas with Green Sauce,"Grilled chicken rolled in corn tortillas, topped with green salsa, cheese, and shredded lettuce.",$9.99_),,two-chicken-enchiladas-rice-and-beans-5765626765.jpg,"https://img.cdn4dd.com/cdn-cgi/image/fit=contain,width=1200,height=672,format=auto/https://doordash-static.s3.amazonaws.com/media/photosV2/a2e56aa0-c7c8-4d88-95fc-f294c566849d-retina-large.jpg",https://www.doordash.com/store/armandos-mexican-food-moreno-valley-240502/1730119/consider,grilled-chicken-enchiladas-green-sauce-6918221785.jpg,
240502,Armandos Mexican Food,category-20595907,Enchiladas,"Rolled corn tortillas topped with salsa, cheese, and lettuce.",198880577,Mixed Enchiladas,"A mixed filling rolled in corn tortillas, topped with red salsa, cheese, and shredded lettuce.",$8.99_),,mixed-enchiladas-198880577.jpg,"https://img.cdn4dd.com/cdn-cgi/image/fit=contain,width=1200,height=672,format=auto/https://doordash-static.s3.amazonaws.com/media/photosV2/7c6bfe53-454d-4872-a1d1-a779f15b69a8-retina-large.jpeg",https://www.doordash.com/store/armandos-mexican-food-moreno-valley-240502/1730119/consider,mixed-enchiladas-198880577.jpg,
240502,Armandos Mexican Food,category-20595905,Rolled Tacos,Crispy rolled tacos served plain or loaded with classic toppings.,198880567,3 Beef Rolled Tacos with Guacamole and Cheese,"Three crispy beef rolled tacos topped with guacamole, cheese, and lettuce.",$6.99_),,3-guacamole-cheese-beef-198880567.png,"https://img.cdn4dd.com/cdn-cgi/image/fit=contain,width=1200,height=672,format=auto/https://doordash-static.s3.amazonaws.com/media/photosV2/c7810626-9cff-4b36-8629-42b857f9cd2e-retina-large.png",https://www.doordash.com/store/armandos-mexican-food-moreno-valley-240502/1730119/consider,3-guacamole-cheese-beef-198880567.png,
240502,Armandos Mexican Food,category-20595905,Rolled Tacos,Crispy rolled tacos served plain or loaded with classic toppings.,198880565,3 Beef Rolled Tacos with Cheese,Three crispy beef rolled tacos topped with cheese.,$6.76_),,3-plain-with-cheese-beef-198880565.jpg,"https://img.cdn4dd.com/cdn-cgi/image/fit=contain,width=1200,height=672,format=auto/https://doordash-static.s3.amazonaws.com/media/photos/435a8940-4cf4-4a30-ac94-0414eb2ac930-retina-large-jpeg",https://www.doordash.com/store/armandos-mexican-food-moreno-valley-240502/1730119/consider,3-plain-with-cheese-beef-198880565.jpg,
240502,Armandos Mexican Food,category-20595905,Rolled Tacos,Crispy rolled tacos served plain or loaded with classic toppings.,5763647597,3 Chicken Rolled Tacos,Three crispy rolled tacos filled with seasoned shredded chicken.,$6.99_),,3-rolled-tacos-chicken-5763647597.jpg,"https://img.cdn4dd.com/cdn-cgi/image/fit=contain,width=1200,height=672,format=auto/https://doordash-static.s3.amazonaws.com/media/photosV2/700c45b6-b10d-4a55-84ad-9abc96c074ae-retina-large.jpeg",https://www.doordash.com/store/armandos-mexican-food-moreno-valley-240502/1730119/consider,3-rolled-tacos-chicken-5763647597.jpg,
240502,Armandos Mexican Food,category-20595905,Rolled Tacos,Crispy rolled tacos served plain or loaded with classic toppings.,5765605340,5 Chicken Rolled Tacos,"Five crispy chicken rolled tacos topped with guacamole, cheese, and lettuce.",$8.65_),,5-chicken-rolled-tacos-5765605340.png,"https://img.cdn4dd.com/cdn-cgi/image/fit=contain,width=1200,height=672,format=auto/https://doordash-static.s3.amazonaws.com/media/photosV2/c21c212d-6cdd-4c1d-a1dc-8db5fb800f1f-8a0343a9-6bad-4ba0-8489-0d5c7a5b0f48-retina-large.jpg",https://www.doordash.com/store/armandos-mexican-food-moreno-valley-240502/1730119/consider,5-chicken-rolled-tacos-5765605340.png,
240502,Armandos Mexican Food,category-20595905,Rolled Tacos,Crispy rolled tacos served plain or loaded with classic toppings.,8570286826,5 Chicken Rolled Tacos with Sour Cream,"Five crispy chicken rolled tacos topped with guacamole, sour cream, cheese, and lettuce.",$9.67_),,5-chicken-rolled-taquitos-x-sour-cream-8570286826.jpg,"https://img.cdn4dd.com/cdn-cgi/image/fit=contain,width=1200,height=672,format=auto/https://doordash-static.s3.amazonaws.com/media/photosV2/588cb932-0dbe-4741-9856-41ec41a547be-retina-large.jpg",https://www.doordash.com/store/armandos-mexican-food-moreno-valley-240502/1730119/consider,5-chicken-rolled-taquitos-with-sour-cream-8570286826.jpg,
240502,Armandos Mexican Food,category-20595905,Rolled Tacos,Crispy rolled tacos served plain or loaded with classic toppings.,198880568,5 Beef Rolled Tacos Special,"Five crispy beef rolled tacos topped with guacamole, cheese, and lettuce.",$8.99_),,5-rolled-tacos-special-beef-198880568.png,"https://img.cdn4dd.com/cdn-cgi/image/fit=contain,width=1200,height=672,format=auto/https://doordash-static.s3.amazonaws.com/media/photosV2/784da00a-1038-4fa6-9d67-33964ca3d8fa-62903955-6f23-4008-bc27-1c9a9346aba5-retina-large.jpg",https://www.doordash.com/store/armandos-mexican-food-moreno-valley-240502/1730119/consider,5-rolled-tacos-special-beef-198880568.png,
240502,Armandos Mexican Food,category-20595905,Rolled Tacos,Crispy rolled tacos served plain or loaded with classic toppings.,8570235923,5 Beef Rolled Tacos with Sour Cream,"Five crispy beef rolled tacos topped with sour cream, cheese, and lettuce.",$9.67_),,5-rolled-taquitos-beef-x-sour-cream-8570235923.jpg,"https://img.cdn4dd.com/p/fit=contain,width=1200,height=672,format=auto/media/yelp/e4f8fce5-04a7-4138-833d-0fac999b260f.jpg",https://www.doordash.com/store/armandos-mexican-food-moreno-valley-240502/1730119/consider,5-rolled-taquitos-beef-with-sour-cream-8570235923.jpg,
240502,Armandos Mexican Food,category-20595905,Rolled Tacos,Crispy rolled tacos served plain or loaded with classic toppings.,5763651453,6 Chicken Rolled Tacos,"Six crispy chicken rolled tacos topped with guacamole, cheese, and lettuce.",$9.67_),,6-chicken-rolled-tacos-5763651453.jpg,"https://img.cdn4dd.com/cdn-cgi/image/fit=contain,width=1200,height=672,format=auto/https://doordash-static.s3.amazonaws.com/media/photosV2/ed447b03-8717-47cf-94e4-ed5f7fc42446-retina-large.jpeg",https://www.doordash.com/store/armandos-mexican-food-moreno-valley-240502/1730119/consider,6-chicken-rolled-tacos-5763651453.jpg,
240502,Armandos Mexican Food,category-20595905,Rolled Tacos,Crispy rolled tacos served plain or loaded with classic toppings.,198880569,12 Rolled Tacos,"Twelve crispy rolled tacos topped with guacamole, cheese, and lettuce.",$14.50_),,6-chicken-rolled-tacos-5763651453.jpg,"https://img.cdn4dd.com/cdn-cgi/image/fit=contain,width=1200,height=672,format=auto/https://doordash-static.s3.amazonaws.com/media/photosV2/ed447b03-8717-47cf-94e4-ed5f7fc42446-retina-large.jpeg",https://www.doordash.com/store/armandos-mexican-food-moreno-valley-240502/1730119/consider,12-rolled-tacos-198880569.jpg,
240502,Armandos Mexican Food,category-20595902,Fried Chimichangas,Crisp fried burritos loaded with meat and classic toppings.,198880546,Adobada Chimichanga,"A crisp fried flour tortilla filled with marinated pork, topped with guacamole, sour cream, cheese, picó de gallo, and lettuce.",$12.99_),,grilled-chicken-chimichanga-198880547.jpg,"https://img.cdn4dd.com/cdn-cgi/image/fit=contain,width=1200,height=672,format=auto/https://doordash-static.s3.amazonaws.com/media/photosV2/8022eb09-2d30-4861-87b3-d0013ec0f937-retina-large.jpg",https://www.doordash.com/store/armandos-mexican-food-moreno-valley-240502/1730119/consider,adobada-chimichanga-198880546.jpg,
240502,Armandos Mexican Food,category-20595902,Fried Chimichangas,Crisp fried burritos loaded with meat and classic toppings.,198880548,Beef Chimichanga,"A crisp fried flour tortilla filled with seasoned beef, topped with guacamole, sour cream, cheese, picó de gallo, and lettuce.",$12.99_),,grilled-chicken-chimichanga-198880547.jpg,"https://img.cdn4dd.com/cdn-cgi/image/fit=contain,width=1200,height=672,format=auto/https://doordash-static.s3.amazonaws.com/media/photosV2/8022eb09-2d30-4861-87b3-d0013ec0f937-retina-large.jpg",https://www.doordash.com/store/armandos-mexican-food-moreno-valley-240502/1730119/consider,beef-chimichanga-198880548.jpg,
240502,Armandos Mexican Food,category-20595902,Fried Chimichangas,Crisp fried burritos loaded with meat and classic toppings.,198880543,Carne Asada Chimichanga,"A crisp fried flour tortilla filled with grilled steak, topped with guacamole, sour cream, cheese, picó de gallo, and lettuce.",$12.99_),,grilled-chicken-chimichanga-198880547.jpg,"https://img.cdn4dd.com/cdn-cgi/image/fit=contain,width=1200,height=672,format=auto/https://doordash-static.s3.amazonaws.com/media/photosV2/8022eb09-2d30-4861-87b3-d0013ec0f937-retina-large.jpg",https://www.doordash.com/store/armandos-mexican-food-moreno-valley-240502/1730119/consider,carne-asada-chimichanga-198880543.jpg,
240502,Armandos Mexican Food,category-20595902,Fried Chimichangas,Crisp fried burritos loaded with meat and classic toppings.,198880545,Carnitas Chimichanga,"A crisp fried flour tortilla filled with carnitas, topped with guacamole, sour cream, cheese, picó de gallo, and lettuce.",$12.99_),,grilled-chicken-chimichanga-198880547.jpg,"https://img.cdn4dd.com/cdn-cgi/image/fit=contain,width=1200,height=672,format=auto/https://doordash-static.s3.amazonaws.com/media/photosV2/8022eb09-2d30-4861-87b3-d0013ec0f937-retina-large.jpg",https://www.doordash.com/store/armandos-mexican-food-moreno-valley-240502/1730119/consider,carnitas-chimichanga-198880545.jpg,
240502,Armandos Mexican Food,category-20595902,Fried Chimichangas,Crisp fried burritos loaded with meat and classic toppings.,6912933537,Chile Verde Chimichanga,"A crisp fried flour tortilla filled with carnitas, green salsa, rice, and refried beans, topped with guacamole, sour cream, cheese, picó de gallo, and lettuce.",$12.99_),,grilled-chicken-chimichanga-198880547.jpg,"https://img.cdn4dd.com/cdn-cgi/image/fit=contain,width=1200,height=672,format=auto/https://doordash-static.s3.amazonaws.com/media/photosV2/8022eb09-2d30-4861-87b3-d0013ec0f937-retina-large.jpg",https://www.doordash.com/store/armandos-mexican-food-moreno-valley-240502/1730119/consider,chille-verde-chimichanga-6912933537.jpg,
240502,Armandos Mexican Food,category-20595902,Fried Chimichangas,Crisp fried burritos loaded with meat and classic toppings.,198880547,Grilled Chicken Chimichanga,"A crisp fried flour tortilla filled with grilled chicken, topped with guacamole, sour cream, cheese, picó de gallo, and lettuce.",$12.99_),,grilled-chicken-chimichanga-198880547.jpg,"https://img.cdn4dd.com/cdn-cgi/image/fit=contain,width=1200,height=672,format=auto/https://doordash-static.s3.amazonaws.com/media/photosV2/8022eb09-2d30-4861-87b3-d0013ec0f937-retina-large.jpg",https://www.doordash.com/store/armandos-mexican-food-moreno-valley-240502/1730119/consider,grilled-chicken-chimichanga-198880547.jpg,
240502,Armandos Mexican Food,category-177209040,Side Orders,Classic sides and extras to complete your meal.,198880550,8 oz Refried Beans,An 8 oz side of refried beans.,$3.99_),,,,https://www.doordash.com/store/armandos-mexican-food-moreno-valley-240502/1730119/consider,,
240502,Armandos Mexican Food,category-20595903,"Carne Asada Fries, Nachos, Quesadillas & Sides","Loaded fries, nachos, quesadillas, and shareable favorites.",421785797,Adobada Chips,"Tortilla chips topped with marinated pork, guacamole, and cheese.",$16.99_),,adobada-chips-421785797.jpg,"https://img.cdn4dd.com/cdn-cgi/image/fit=contain,width=1200,height=672,format=auto/https://doordash-static.s3.amazonaws.com/media/photos/9bb480af-dc17-4330-a054-5b0828419104-retina-large-jpeg",https://www.doordash.com/store/armandos-mexican-food-moreno-valley-240502/1730119/consider,adobada-chips-421785797.jpg,
240502,Armandos Mexican Food,category-20595903,"Carne Asada Fries, Nachos, Quesadillas & Sides","Loaded fries, nachos, quesadillas, and shareable favorites.",10770317768,Adobada Fries with Sour Cream,"French fries topped with marinated pork, guacamole, cheese, and sour cream.",$16.99_),,adobada-fries-x-sour-cream-10770317768.jpg,"https://img.cdn4dd.com/cdn-cgi/image/fit=contain,width=1200,height=672,format=auto/https://doordash-static.s3.amazonaws.com/media/photosV2/63d545f2-3c30-4de9-992f-79b9de900463-retina-large.jpg",https://www.doordash.com/store/armandos-mexican-food-moreno-valley-240502/1730119/consider,adobada-fries-with-sour-cream-10770317768.jpg,
240502,Armandos Mexican Food,category-20595903,"Carne Asada Fries, Nachos, Quesadillas & Sides","Loaded fries, nachos, quesadillas, and shareable favorites.",198880554,Adobada Quesadilla,"A grilled flour tortilla filled with marinated pork and cheese, served with guacamole, picó de gallo, and lettuce.",$13.25_),,adobada-quesadilla-198880554.png,"https://img.cdn4dd.com/cdn-cgi/image/fit=contain,width=1200,height=672,format=auto/https://doordash-static.s3.amazonaws.com/media/photosV2/97da53b4-50ee-435e-9635-4693cff09861-b87c7ebc-9055-4456-9f62-fbf2e984d0ad-retina-large.jpg",https://www.doordash.com/store/armandos-mexican-food-moreno-valley-240502/1730119/consider,adobada-quesadilla-198880554.png,
240502,Armandos Mexican Food,category-177209040,Side Orders,Classic sides and extras to complete your meal.,198880549,8 oz Rice,An 8 oz side of seasoned Mexican rice.,$3.99_),,12-pint-rice-8-oz-198880549.png,"https://img.cdn4dd.com/cdn-cgi/image/fit=contain,width=1200,height=672,format=auto/https://doordash-static.s3.amazonaws.com/media/ugc/b2c3e430-7230-4deb-a45b-0e936baddb04.png",https://www.doordash.com/store/armandos-mexican-food-moreno-valley-240502/1730119/consider,1-2-pint-rice-8-oz-198880549.png,
240502,Armandos Mexican Food,category-177209040,Side Orders,Classic sides and extras to complete your meal.,2439306342,8 oz Guacamole,An 8 oz side of creamy guacamole.,$4.75_),,8-oz-of-guacamole-2439306342.png,"https://img.cdn4dd.com/cdn-cgi/image/fit=contain,width=1200,height=672,format=auto/https://doordash-static.s3.amazonaws.com/media/photosV2/9385c9fc-4dfe-49f9-872b-e1e74ea6bff4-retina-large.png",https://www.doordash.com/store/armandos-mexican-food-moreno-valley-240502/1730119/consider,8-oz-of-guacamole-2439306342.png,
240502,Armandos Mexican Food,category-20595903,"Carne Asada Fries, Nachos, Quesadillas & Sides","Loaded fries, nachos, quesadillas, and shareable favorites.",10608873268,Birria Fries,"French fries topped with slow-cooked birria, refried beans, cheese, onion, and cilantro.",$14.65_),,birria-fries-10608873268.jpg,"https://img.cdn4dd.com/cdn-cgi/image/fit=contain,width=1200,height=672,format=auto/https://doordash-static.s3.amazonaws.com/media/photosV2/f00e631a-ff55-4b9e-8019-4526908a5d0f-retina-large.jpg",https://www.doordash.com/store/armandos-mexican-food-moreno-valley-240502/1730119/consider,birria-fries-10608873268.jpg,
240502,Armandos Mexican Food,category-177209040,Side Orders,Classic sides and extras to complete your meal.,4953288296,4 oz Bacon,A 4 oz side of crispy bacon.,$1.99_),,,,https://www.doordash.com/store/armandos-mexican-food-moreno-valley-240502/1730119/consider,,
240502,Armandos Mexican Food,category-20595903,"Carne Asada Fries, Nachos, Quesadillas & Sides","Loaded fries, nachos, quesadillas, and shareable favorites.",10609047987,Birria Nachos,"Tortilla chips topped with slow-cooked birria, cheese, onion, and cilantro.",$14.75_),,birria-nachos-10609047987.jpg,"https://img.cdn4dd.com/cdn-cgi/image/fit=contain,width=1200,height=672,format=auto/https://doordash-static.s3.amazonaws.com/media/photosV2/cbf96d94-9a60-4e7a-9800-db1ecb84f855-retina-large.jpg",https://www.doordash.com/store/armandos-mexican-food-moreno-valley-240502/1730119/consider,birria-nachos-10609047987.jpg,
240502,Armandos Mexican Food,category-20595903,"Carne Asada Fries, Nachos, Quesadillas & Sides","Loaded fries, nachos, quesadillas, and shareable favorites.",9813230337,Cabeza Quesadilla,"A grilled flour tortilla filled with tender beef head and cheese, served with guacamole, picó de gallo, and lettuce.",$13.99_),,cabeza-quesadilla-9813230337.png,"https://img.cdn4dd.com/cdn-cgi/image/fit=contain,width=1200,height=672,format=auto/https://doordash-static.s3.amazonaws.com/media/photosV2/2b7bbfd6-785b-447d-9923-4c98cdda162e-279a21e2-b26b-4288-a319-cabfd2d02b99-retina-large.jpg",https://www.doordash.com/store/armandos-mexican-food-moreno-valley-240502/1730119/consider,cabeza-quesadilla-9813230337.png,
240502,Armandos Mexican Food,category-20595903,"Carne Asada Fries, Nachos, Quesadillas & Sides","Loaded fries, nachos, quesadillas, and shareable favorites.",198880523,Carne Asada Chips,"Tortilla chips topped with carne asada, guacamole, and cheese.",$18.99_),,carne-asada-chips-198880523.jpg,"https://img.cdn4dd.com/cdn-cgi/image/fit=contain,width=1200,height=672,format=auto/https://doordash-static.s3.amazonaws.com/media/photosV2/41ecb70b-7bad-4b61-b653-74bb921ec720-retina-large.jpg",https://www.doordash.com/store/armandos-mexican-food-moreno-valley-240502/1730119/consider,carne-asada-chips-198880523.jpg,
240502,Armandos Mexican Food,category-20595903,"Carne Asada Fries, Nachos, Quesadillas & Sides","Loaded fries, nachos, quesadillas, and shareable favorites.",198880524,Carne Asada Fries,"French fries topped with carne asada, guacamole, and cheese.",$18.99_),,carne-asada-fries-198880524.jpg,"https://img.cdn4dd.com/cdn-cgi/image/fit=contain,width=1200,height=672,format=auto/https://doordash-static.s3.amazonaws.com/media/photos/5f83b0f5-ba15-45f4-b017-9c6684a64eb8-retina-large-jpeg",https://www.doordash.com/store/armandos-mexican-food-moreno-valley-240502/1730119/consider,carne-asada-fries-198880524.jpg,
240502,Armandos Mexican Food,category-20595903,"Carne Asada Fries, Nachos, Quesadillas & Sides","Loaded fries, nachos, quesadillas, and shareable favorites.",8570438359,Carne Asada Fries with Beans,"French fries topped with carne asada, refried beans, guacamole, and cheese.",$16.76_),,carne-asada-fries-guacamole-cheese-and-beans-8570438359.jpg,"https://img.cdn4dd.com/cdn-cgi/image/fit=contain,width=1200,height=672,format=auto/https://doordash-static.s3.amazonaws.com/media/photosV2/aef4774a-0eae-4ed3-a8a8-8cb125a69e4e-retina-large.jpg",https://www.doordash.com/store/armandos-mexican-food-moreno-valley-240502/1730119/consider,carne-asada-fries-guacamole-cheese-and-beans-8570438359.jpg,
240502,Armandos Mexican Food,category-20595903,"Carne Asada Fries, Nachos, Quesadillas & Sides","Loaded fries, nachos, quesadillas, and shareable favorites.",8286200667,Carne Asada Fries with Beans and Sour Cream – No Guacamole,"French fries topped with carne asada, refried beans, cheese, and sour cream. No guacamole.",$18.99_),,asada-fries-no-guacamole-add-beans-and-sour-cream-8286200667.png,"https://img.cdn4dd.com/cdn-cgi/image/fit=contain,width=1200,height=672,format=auto/https://doordash-static.s3.amazonaws.com/media/photosV2/9e4141d0-55df-4c09-866b-2e7cf9a8165c-558e9098-0755-41ca-b1fb-3c03137b18d6-retina-large.jpg",https://www.doordash.com/store/armandos-mexican-food-moreno-valley-240502/1730119/consider,asada-fries-no-guacamole-add-beans-and-sour-cream-8286200667.png,
240502,Armandos Mexican Food,category-20595903,"Carne Asada Fries, Nachos, Quesadillas & Sides","Loaded fries, nachos, quesadillas, and shareable favorites.",10891185528,Carne Asada Fries with Picó de Gallo,"French fries topped with carne asada, guacamole, cheese, and picó de gallo.",$18.99_),,asada-fries-with-pico-de-gallo-10891185528.jpg,"https://img.cdn4dd.com/cdn-cgi/image/fit=contain,width=1200,height=672,format=auto/https://doordash-static.s3.amazonaws.com/media/photosV2/0230b484-be1f-41d6-be01-275f27e995a5-retina-large.jpg",https://www.doordash.com/store/armandos-mexican-food-moreno-valley-240502/1730119/consider,asada-fries-with-pico-de-gallo-10891185528.jpg,
240502,Armandos Mexican Food,category-20595903,"Carne Asada Fries, Nachos, Quesadillas & Sides","Loaded fries, nachos, quesadillas, and shareable favorites.",759912715,Carne Asada Fries with Sour Cream,"French fries topped with carne asada, guacamole, cheese, and sour cream.",$19.99_),,asada-fries-x-sour-cream-759912715.jpg,"https://img.cdn4dd.com/cdn-cgi/image/fit=contain,width=1200,height=672,format=auto/https://doordash-static.s3.amazonaws.com/media/photos/92d492d7-6e11-48d5-a40d-b9bce26c1ec8-retina-large-jpeg",https://www.doordash.com/store/armandos-mexican-food-moreno-valley-240502/1730119/consider,asada-fries-with-sour-cream-759912715.jpg,
240502,Armandos Mexican Food,category-20595903,"Carne Asada Fries, Nachos, Quesadillas & Sides","Loaded fries, nachos, quesadillas, and shareable favorites.",8286730317,Carne Asada Fries with Sour Cream – No Guacamole,"French fries topped with carne asada, cheese, and sour cream. No guacamole.",$18.78_),,asada-fries-no-guacamole-add-sour-cream-8286730317.png,"https://img.cdn4dd.com/cdn-cgi/image/fit=contain,width=1200,height=672,format=auto/https://doordash-static.s3.amazonaws.com/media/photosV2/cc560bba-74e6-470b-bb24-cb7e518b9549-ba802f85-badf-40f8-a829-4640f812c728-retina-large.jpg",https://www.doordash.com/store/armandos-mexican-food-moreno-valley-240502/1730119/consider,asada-fries-no-guacamole-add-sour-cream-8286730317.png,
240502,Armandos Mexican Food,category-177209040,Side Orders,Classic sides and extras to complete your meal.,198880560,Extra Meat – Carne Asada or Chicken,An extra portion of your choice of carne asada or chicken.,$4.53_),,,,https://www.doordash.com/store/armandos-mexican-food-moreno-valley-240502/1730119/consider,,
240502,Armandos Mexican Food,category-20595903,"Carne Asada Fries, Nachos, Quesadillas & Sides","Loaded fries, nachos, quesadillas, and shareable favorites.",8287922962,"Carne Asada Fries with Sour Cream, Rice, and Beans","Carne asada fries topped with cheese and sour cream, served with rice and refried beans.",$18.45_),,,,https://www.doordash.com/store/armandos-mexican-food-moreno-valley-240502/1730119/consider,,
240502,Armandos Mexican Food,category-177209040,Side Orders,Classic sides and extras to complete your meal.,4953282371,Guacamole,A side of creamy guacamole.,$1.99_),,8oz-guacamole-22784339672.png,"https://img.cdn4dd.com/cdn-cgi/image/fit=contain,width=1200,height=672,format=auto/https://doordash-static.s3.amazonaws.com/media/photosV2/dd5cf12f-d35c-4c48-acf3-8c1573d17e5a-retina-large.png",https://www.doordash.com/store/armandos-mexican-food-moreno-valley-240502/1730119/consider,guacamole-4953282371.png,
240502,Armandos Mexican Food,category-20595903,"Carne Asada Fries, Nachos, Quesadillas & Sides","Loaded fries, nachos, quesadillas, and shareable favorites.",5995006478,"Carne Asada Nachos with Beans, Onion, and Cilantro","Tortilla chips topped with carne asada, refried beans, cheese, onion, and cilantro.",$16.24_),,asada-nachos-x-beans-x-onion-cilantro-5995006478.jpg,"https://img.cdn4dd.com/cdn-cgi/image/fit=contain,width=1200,height=672,format=auto/https://doordash-static.s3.amazonaws.com/media/photosV2/9914226c-e400-423b-8b4d-9921af93dd78-retina-large.JPG",https://www.doordash.com/store/armandos-mexican-food-moreno-valley-240502/1730119/consider,asada-nachos-with-beans-with-onion-cilantro-5995006478.jpg,
240502,Armandos Mexican Food,category-177209040,Side Orders,Classic sides and extras to complete your meal.,4953282370,8 oz Lettuce,An 8 oz side of shredded lettuce.,$1.80_),,,,https://www.doordash.com/store/armandos-mexican-food-moreno-valley-240502/1730119/consider,,
240502,Armandos Mexican Food,category-177209040,Side Orders,Classic sides and extras to complete your meal.,564140883,One Flour Tortilla,"One soft flour tortilla, served warm.",$1.99_),,one-flour-tortilla-564140883.jpg,"https://img.cdn4dd.com/cdn-cgi/image/fit=contain,width=1200,height=672,format=auto/https://doordash-static.s3.amazonaws.com/media/photosV2/643a8240-cae4-4e86-ab4c-27cd0d9460ae-retina-large.jpg",https://www.doordash.com/store/armandos-mexican-food-moreno-valley-240502/1730119/consider,one-flour-tortilla-564140883.jpg,
240502,Armandos Mexican Food,category-177209040,Side Orders,Classic sides and extras to complete your meal.,4952014099,Pico de Gallo,"Fresh tomatoes, onions, cilantro, and jalapeños chopped together with lime.",$1.99_),,pico-de-gallo-4952014099.png,"https://img.cdn4dd.com/cdn-cgi/image/fit=contain,width=1200,height=672,format=auto/https://doordash-static.s3.amazonaws.com/media/photosV2/5f3eb5bc-e233-43cc-bbdf-9f58920890b0-1a7fbb3b-625e-4463-8f6e-d4c9c78ae89f-retina-large.jpg",https://www.doordash.com/store/armandos-mexican-food-moreno-valley-240502/1730119/consider,pico-de-gallo-4952014099.png,
240502,Armandos Mexican Food,category-177209040,Side Orders,Classic sides and extras to complete your meal.,564138294,Pint of Beans 32 oz,A 32 oz side of creamy refried beans topped with shredded cheese.,$10.50_),,pint-of-beans-32-oz-564138294.jpg,"https://img.cdn4dd.com/cdn-cgi/image/fit=contain,width=1200,height=672,format=auto/https://doordash-static.s3.amazonaws.com/media/photos/3dbe2f3a-cb6e-4434-8949-40b8329472e5-retina-large-jpeg",https://www.doordash.com/store/armandos-mexican-food-moreno-valley-240502/1730119/consider,pint-of-beans-32-oz-564138294.jpg,
240502,Armandos Mexican Food,category-177209040,Side Orders,Classic sides and extras to complete your meal.,564138272,Pint of Rice 32 oz,A 32 oz side of seasoned Mexican rice.,$10.50_),,pint-of-rice-32-oz-564138272.jpg,"https://img.cdn4dd.com/cdn-cgi/image/fit=contain,width=1200,height=672,format=auto/https://doordash-static.s3.amazonaws.com/media/photos/a16d5b44-3db5-4892-bddd-1d8a6c96125d-retina-large-jpeg",https://www.doordash.com/store/armandos-mexican-food-moreno-valley-240502/1730119/consider,pint-of-rice-32-oz-564138272.jpg,
240502,Armandos Mexican Food,category-20595903,"Carne Asada Fries, Nachos, Quesadillas & Sides","Loaded fries, nachos, quesadillas, and shareable favorites.",1169941272,Carne Asada Nachos with Sour Cream,"Tortilla chips topped with carne asada, guacamole, cheese, and sour cream.",$17.99_),,carne-asada-nachos-sour-cream-1169941272.jpg,"https://img.cdn4dd.com/cdn-cgi/image/fit=contain,width=1200,height=672,format=auto/https://doordash-static.s3.amazonaws.com/media/photos/e2a993b0-71d8-4f66-a617-4d9ba1f0327b-retina-large-jpeg",https://www.doordash.com/store/armandos-mexican-food-moreno-valley-240502/1730119/consider,carne-asada-nachos-with-sour-cream-1169941272.jpg,
240502,Armandos Mexican Food,category-20595903,"Carne Asada Fries, Nachos, Quesadillas & Sides","Loaded fries, nachos, quesadillas, and shareable favorites.",198880556,Carne Asada Quesadilla,"A grilled flour tortilla filled with carne asada and cheese, served with guacamole, picó de gallo, and lettuce.",$13.99_),,carne-asada-quesadilla-198880556.jpg,"https://img.cdn4dd.com/cdn-cgi/image/fit=contain,width=1200,height=672,format=auto/https://doordash-static.s3.amazonaws.com/media/photosV2/bff7ed47-f118-455d-ad28-a16e96f495be-retina-large.jpg",https://www.doordash.com/store/armandos-mexican-food-moreno-valley-240502/1730119/consider,carne-asada-quesadilla-198880556.jpg,
240502,Armandos Mexican Food,category-20595903,"Carne Asada Fries, Nachos, Quesadillas & Sides","Loaded fries, nachos, quesadillas, and shareable favorites.",5336575300,Carnitas Quesadilla,"A grilled flour tortilla filled with carnitas and cheese, served with guacamole, picó de gallo, and lettuce.",$13.99_),,carnitas-quesadilla-5336575300.jpg,"https://img.cdn4dd.com/cdn-cgi/image/fit=contain,width=1200,height=672,format=auto/https://doordash-static.s3.amazonaws.com/media/photosV2/f551bee6-ad7b-479e-812c-a2375ac5b01c-retina-large.jpeg",https://www.doordash.com/store/armandos-mexican-food-moreno-valley-240502/1730119/consider,carnitas-quesadilla-5336575300.jpg,Needs new picture - ai?
240502,Armandos Mexican Food,category-177209040,Side Orders,Classic sides and extras to complete your meal.,4952705422,4 oz Sour Cream,A 4 oz side of cool sour cream.,$2.19_),,sour-cream-4-oz-4952705422.jpg,"https://img.cdn4dd.com/cdn-cgi/image/fit=contain,width=1200,height=672,format=auto/https://doordash-static.s3.amazonaws.com/media/photosV2/61179f11-34a5-4ea2-b154-aabd949ec675-retina-large.jpeg",https://www.doordash.com/store/armandos-mexican-food-moreno-valley-240502/1730119/consider,sour-cream-4-o-z-4952705422.jpg,
240502,Armandos Mexican Food,category-20595903,"Carne Asada Fries, Nachos, Quesadillas & Sides","Loaded fries, nachos, quesadillas, and shareable favorites.",198880551,Cheese Quesadilla,Melted cheese folded inside a grilled flour tortilla.,$6.25_),,cheese-quesadilla-198880551.jpg,"https://img.cdn4dd.com/cdn-cgi/image/fit=contain,width=1200,height=672,format=auto/https://doordash-static.s3.amazonaws.com/media/photos/3669e068-e464-4e47-a807-89defc48ac45-retina-large-jpeg",https://www.doordash.com/store/armandos-mexican-food-moreno-valley-240502/1730119/consider,cheese-quesadilla-198880551.jpg,
240502,Armandos Mexican Food,category-20595903,"Carne Asada Fries, Nachos, Quesadillas & Sides","Loaded fries, nachos, quesadillas, and shareable favorites.",198880553,Chicken Quesadilla,"A grilled flour tortilla filled with seasoned chicken and cheese, served with guacamole, picó de gallo, and lettuce.",$13.99_),,chicken-quesadilla-198880553.png,"https://img.cdn4dd.com/cdn-cgi/image/fit=contain,width=1200,height=672,format=auto/https://doordash-static.s3.amazonaws.com/media/photosV2/54afddde-5bda-4ddf-887a-4af5af4f928a-e4a085ba-efa4-4015-9b96-b6f5bead6e81-retina-large.jpg",https://www.doordash.com/store/armandos-mexican-food-moreno-valley-240502/1730119/consider,chicken-quesadilla-198880553.png,
240502,Armandos Mexican Food,category-20595903,"Carne Asada Fries, Nachos, Quesadillas & Sides","Loaded fries, nachos, quesadillas, and shareable favorites.",6917687049,Chile Verde Nachos,"Tortilla chips topped with chile verde pork, green salsa, guacamole, cheese, and sour cream.",$13.99_),,chile-verde-nachos-6917687049.jpg,"https://img.cdn4dd.com/cdn-cgi/image/fit=contain,width=1200,height=672,format=auto/https://doordash-static.s3.amazonaws.com/media/ugc/cb1eee44-f095-439a-9e6a-7cd87e5435ed.jpg",https://www.doordash.com/store/armandos-mexican-food-moreno-valley-240502/1730119/consider,chile-verde-nachos-6917687049.jpg,
240502,Armandos Mexican Food,category-20595897,Combination Plates,Hearty combinations served with rice and refried beans unless noted.,5337696094,#23. Two Shredded Chicken Tacos,"Two crispy shredded chicken tacos with lettuce and cheese, served with rice and refried beans.",$13.99_),,2-two-beef-tacos-198880495.jpg,"https://img.cdn4dd.com/cdn-cgi/image/fit=contain,width=1200,height=672,format=auto/https://doordash-static.s3.amazonaws.com/media/photos/96efbd47-675f-4124-897e-5868a784a20a-retina-large-jpeg",https://www.doordash.com/store/armandos-mexican-food-moreno-valley-240502/1730119/consider,23-two-shredded-chicken-tacos-5337696094.jpg,
240502,Armandos Mexican Food,category-20595897,Combination Plates,Hearty combinations served with rice and refried beans unless noted.,198880491,#1. Tostada and Taco,A beef taco and bean tostada served with rice and refried beans.,$10.97_),,1-tostada-taco-198880491.jpg,"https://img.cdn4dd.com/cdn-cgi/image/fit=contain,width=1200,height=672,format=auto/https://doordash-static.s3.amazonaws.com/media/photosV2/c9fe55f0-4451-4099-91e4-ec5acaa63de1-retina-large.jpeg",https://www.doordash.com/store/armandos-mexican-food-moreno-valley-240502/1730119/consider,1-tostada-taco-198880491.jpg,
240502,Armandos Mexican Food,category-20595897,Combination Plates,Hearty combinations served with rice and refried beans unless noted.,198880495,#2. Two Beef Tacos,"Two crispy beef tacos with lettuce and cheese, served with rice and refried beans.",$13.93_),,2-two-beef-tacos-198880495.jpg,"https://img.cdn4dd.com/cdn-cgi/image/fit=contain,width=1200,height=672,format=auto/https://doordash-static.s3.amazonaws.com/media/photos/96efbd47-675f-4124-897e-5868a784a20a-retina-large-jpeg",https://www.doordash.com/store/armandos-mexican-food-moreno-valley-240502/1730119/consider,2-two-beef-tacos-198880495.jpg,
240502,Armandos Mexican Food,category-20595897,Combination Plates,Hearty combinations served with rice and refried beans unless noted.,198880497,#3. Two Cheese Enchiladas,"Two cheese enchiladas topped with red salsa and cheese, served with rice, refried beans, and lettuce.",$13.93_),,3-two-cheese-enchiladas-198880497.jpg,"https://img.cdn4dd.com/cdn-cgi/image/fit=contain,width=1200,height=672,format=auto/https://doordash-static.s3.amazonaws.com/media/photosV2/71d5e3ee-a9f0-489f-a735-7bf8b1abbb55-retina-large.jpeg",https://www.doordash.com/store/armandos-mexican-food-moreno-valley-240502/1730119/consider,3-two-cheese-enchiladas-198880497.jpg,
240502,Armandos Mexican Food,category-20595897,Combination Plates,Hearty combinations served with rice and refried beans unless noted.,198880499,#4. Bean Tostada and Cheese Enchilada,"A bean tostada and cheese enchilada served with rice, refried beans, and lettuce.",$11.99_),,4-bean-tostada-and-cheese-enchilada-198880499.jpg,"https://img.cdn4dd.com/cdn-cgi/image/fit=contain,width=1200,height=672,format=auto/https://doordash-static.s3.amazonaws.com/media/photos/8eefc5a3-15b8-4665-9c1b-f7a7e96e4cff-retina-large-jpeg",https://www.doordash.com/store/armandos-mexican-food-moreno-valley-240502/1730119/consider,4-bean-tostada-and-cheese-enchilada-198880499.jpg,
240502,Armandos Mexican Food,category-20595897,Combination Plates,Hearty combinations served with rice and refried beans unless noted.,198880500,#5. Beef Taco and Cheese Enchilada,A beef taco and cheese enchilada served with rice and refried beans.,$13.99_),,5-beef-taco-and-cheese-enchilada-198880500.jpg,"https://img.cdn4dd.com/cdn-cgi/image/fit=contain,width=1200,height=672,format=auto/https://doordash-static.s3.amazonaws.com/media/photosV2/5fcdd82c-17f9-4b18-8f10-7ae43955ac1c-retina-large.jpeg",https://www.doordash.com/store/armandos-mexican-food-moreno-valley-240502/1730119/consider,5-beef-taco-and-cheese-enchilada-198880500.jpg,
240502,Armandos Mexican Food,category-20595897,Combination Plates,Hearty combinations served with rice and refried beans unless noted.,198880503,#6. Cheese Enchilada and Beef Burrito,"A cheese enchilada and beef burrito served with rice, refried beans, and lettuce.",$11.99_),,6-cheese-enchilada-and-beef-burrito-198880503.png,"https://img.cdn4dd.com/cdn-cgi/image/fit=contain,width=1200,height=672,format=auto/https://doordash-static.s3.amazonaws.com/media/photosV2/4ef0d008-6952-44ec-bc8a-2c02b9629d9b-c4a47ea6-8fb1-413c-b205-c62a3f675f50-retina-large.jpg",https://www.doordash.com/store/armandos-mexican-food-moreno-valley-240502/1730119/consider,6-cheese-enchilada-and-beef-burrito-198880503.png,
240502,Armandos Mexican Food,category-20595897,Combination Plates,Hearty combinations served with rice and refried beans unless noted.,198880504,#7. Two Beef Burritos,Two seasoned beef burritos served with rice and refried beans.,$12.99_),,7-two-beef-burritos-198880504.jpg,"https://img.cdn4dd.com/cdn-cgi/image/fit=contain,width=1200,height=672,format=auto/https://doordash-static.s3.amazonaws.com/media/photos/7cc36d3c-84c0-42d8-a778-48fabbb44e6f-retina-large-jpeg",https://www.doordash.com/store/armandos-mexican-food-moreno-valley-240502/1730119/consider,7-two-beef-burritos-198880504.jpg,
240502,Armandos Mexican Food,category-20595897,Combination Plates,Hearty combinations served with rice and refried beans unless noted.,198880505,#8. Two Tostadas – Choice of Meat,"Two tostadas with your choice of carne asada, chicken, carnitas, or al pastor, plus refried beans, cheese, and lettuce. Served with rice and refried beans.",$10.76_),,8-two-tostadas-any-meat-198880505.jpg,"https://img.cdn4dd.com/cdn-cgi/image/fit=contain,width=1200,height=672,format=auto/https://doordash-static.s3.amazonaws.com/media/photosV2/a9c3e8fb-8269-4a31-b233-67514f2cdba8-retina-large.jpg",https://www.doordash.com/store/armandos-mexican-food-moreno-valley-240502/1730119/consider,8-two-tostadas-any-meat-198880505.jpg,
240502,Armandos Mexican Food,category-20595897,Combination Plates,Hearty combinations served with rice and refried beans unless noted.,198880507,#9. Two Pollo Asado Tacos,"Two grilled chicken tacos with tomatoes, onion, cilantro, and guacamole, served with rice and refried beans.",$13.99_),,9-two-pollo-asado-tacos-198880507.jpg,"https://img.cdn4dd.com/cdn-cgi/image/fit=contain,width=1200,height=672,format=auto/https://doordash-static.s3.amazonaws.com/media/photosV2/688504d5-0e63-4ee4-b26b-35882225fab5-retina-large.jpeg",https://www.doordash.com/store/armandos-mexican-food-moreno-valley-240502/1730119/consider,9-two-pollo-asado-tacos-198880507.jpg,
240502,Armandos Mexican Food,category-20595897,Combination Plates,Hearty combinations served with rice and refried beans unless noted.,198880508,#10. Two Chicken Enchiladas,"Two chicken enchiladas topped with red salsa and cheese, served with rice, refried beans, and lettuce.",$13.99_),,10-two-chicken-enchiladas-198880508.jpg,"https://img.cdn4dd.com/cdn-cgi/image/fit=contain,width=1200,height=672,format=auto/https://doordash-static.s3.amazonaws.com/media/photosV2/7eac4a6e-68b0-47c3-88a0-33e7feae5e8c-retina-large.jpeg",https://www.doordash.com/store/armandos-mexican-food-moreno-valley-240502/1730119/consider,10-two-chicken-enchiladas-198880508.jpg,
240502,Armandos Mexican Food,category-20595897,Combination Plates,Hearty combinations served with rice and refried beans unless noted.,198880509,#11. Beef Taco and Beef Burrito,A beef taco and beef burrito served with rice and refried beans.,$13.99_),,11-beef-taco-and-beef-burrito-198880509.jpg,"https://img.cdn4dd.com/cdn-cgi/image/fit=contain,width=1200,height=672,format=auto/https://doordash-static.s3.amazonaws.com/media/photosV2/d2260b06-741b-4292-9c24-f2710648ac06-retina-large.jpeg",https://www.doordash.com/store/armandos-mexican-food-moreno-valley-240502/1730119/consider,11-beef-taco-and-beef-burrito-198880509.jpg,
240502,Armandos Mexican Food,category-20595897,Combination Plates,Hearty combinations served with rice and refried beans unless noted.,198880510,#12. Carne Asada Plate,"Grilled carne asada with rice, refried beans, guacamole, and picó de gallo. Served with your choice of tortillas.",$16.25_),,12-carne-asada-plate-198880510.jpg,"https://img.cdn4dd.com/cdn-cgi/image/fit=contain,width=1200,height=672,format=auto/https://doordash-static.s3.amazonaws.com/media/photosV2/c8cc9513-7b8e-4506-acf5-a1748f457e42-retina-large.jpg",https://www.doordash.com/store/armandos-mexican-food-moreno-valley-240502/1730119/consider,12-carne-asada-plate-198880510.jpg,
240502,Armandos Mexican Food,category-20595897,Combination Plates,Hearty combinations served with rice and refried beans unless noted.,198880511,#13. Machaca Plate,"Shredded beef scrambled with eggs, bell peppers, and onions, served with rice and refried beans.",$13.99_),,13-machaca-plate-198880511.png,"https://img.cdn4dd.com/cdn-cgi/image/fit=contain,width=1200,height=672,format=auto/https://doordash-static.s3.amazonaws.com/media/photosV2/2864a0e5-dc23-486c-94ad-78cfadddf061-aeba5f80-55a5-4300-9890-aa44f16354d4-retina-large.jpg",https://www.doordash.com/store/armandos-mexican-food-moreno-valley-240502/1730119/consider,13-machaca-plate-198880511.png,
240502,Armandos Mexican Food,category-20595897,Combination Plates,Hearty combinations served with rice and refried beans unless noted.,198880512,#14. Chorizo Plate,"Chorizo scrambled with eggs, served with rice and refried beans.",$13.99_),,14-chorizo-plate-198880512.png,"https://img.cdn4dd.com/cdn-cgi/image/fit=contain,width=1200,height=672,format=auto/https://doordash-static.s3.amazonaws.com/media/photosV2/dca0c802-8210-4f51-b97e-d55e6833396c-9ea7eb23-e4cb-4c2b-9169-9a63687dc72f-retina-large.jpg",https://www.doordash.com/store/armandos-mexican-food-moreno-valley-240502/1730119/consider,14-chorizo-plate-198880512.png,
240502,Armandos Mexican Food,category-20595897,Combination Plates,Hearty combinations served with rice and refried beans unless noted.,198880513,#15. Carnitas Plate,"Tender carnitas with rice, refried beans, guacamole, picó de gallo, and lettuce. Served with your choice of tortillas.",$13.76_),,15-carnitas-plate-198880513.jpg,"https://img.cdn4dd.com/cdn-cgi/image/fit=contain,width=1200,height=672,format=auto/https://doordash-static.s3.amazonaws.com/media/photosV2/f3ff6f23-7190-49a6-b451-03bc81eea12a-retina-large.jpg",https://www.doordash.com/store/armandos-mexican-food-moreno-valley-240502/1730119/consider,15-carnitas-plate-198880513.jpg,
240502,Armandos Mexican Food,category-20595897,Combination Plates,Hearty combinations served with rice and refried beans unless noted.,198880514,#16. Two Carne Asada Tacos,"Two carne asada tacos with tomatoes, onion, cilantro, and guacamole, served with rice and refried beans.",$13.99_),,16-two-carne-asada-tacos-198880514.jpg,"https://img.cdn4dd.com/cdn-cgi/image/fit=contain,width=1200,height=672,format=auto/https://doordash-static.s3.amazonaws.com/media/photos/510bc3b7-6bc4-47b4-8e6e-23500ce9ca53-retina-large-jpeg",https://www.doordash.com/store/armandos-mexican-food-moreno-valley-240502/1730119/consider,16-two-carne-asada-tacos-198880514.jpg,
240502,Armandos Mexican Food,category-20595897,Combination Plates,Hearty combinations served with rice and refried beans unless noted.,198880515,#17. Two Chiles Rellenos Plate,"Two cheese-stuffed chiles rellenos topped with red salsa and cheese, served with rice, refried beans, guacamole, sour cream, picó de gallo, and lettuce.",$13.99_),,17-two-chiles-rellenos-plate-198880515.jpg,"https://img.cdn4dd.com/cdn-cgi/image/fit=contain,width=1200,height=672,format=auto/https://doordash-static.s3.amazonaws.com/media/photos/b237372f-8ee4-463e-839a-ae06c3cccbe7-retina-large-jpeg",https://www.doordash.com/store/armandos-mexican-food-moreno-valley-240502/1730119/consider,17-two-chiles-rellenos-plate-198880515.jpg,
240502,Armandos Mexican Food,category-20595897,Combination Plates,Hearty combinations served with rice and refried beans unless noted.,198880518,#18. Two Fish Tacos,"Two crispy fish tacos with cabbage, cilantro, and creamy sauce, served with rice and refried beans.",$12.99_),,18-two-fish-tacos-198880518.jpg,"https://img.cdn4dd.com/cdn-cgi/image/fit=contain,width=1200,height=672,format=auto/https://doordash-static.s3.amazonaws.com/media/photosV2/c38189ea-0024-4bde-bf32-69ab6f5b1232-retina-large.JPG",https://www.doordash.com/store/armandos-mexican-food-moreno-valley-240502/1730119/consider,18-two-fish-tacos-198880518.jpg,
240502,Armandos Mexican Food,category-20595897,Combination Plates,Hearty combinations served with rice and refried beans unless noted.,198880519,#19. Pollo Asado Plate,"Grilled chicken with rice, refried beans, guacamole, picó de gallo, and lettuce. Served with your choice of tortillas.",$13.99_),,19-pollo-asada-plate-198880519.jpg,"https://img.cdn4dd.com/cdn-cgi/image/fit=contain,width=1200,height=672,format=auto/https://doordash-static.s3.amazonaws.com/media/photosV2/71122355-65c2-41f5-bc3a-fc4ed479109a-retina-large.jpeg",https://www.doordash.com/store/armandos-mexican-food-moreno-valley-240502/1730119/consider,19-pollo-asada-plate-198880519.jpg,
240502,Armandos Mexican Food,category-20595897,Combination Plates,Hearty combinations served with rice and refried beans unless noted.,198880520,#20. Three Rolled Tacos,"Three crispy rolled tacos topped with guacamole, tomatoes, and lettuce, served with rice and refried beans.",$10.90_),,20-3-rolled-tacos-198880520.jpg,"https://img.cdn4dd.com/cdn-cgi/image/fit=contain,width=1200,height=672,format=auto/https://doordash-static.s3.amazonaws.com/media/photosV2/8e0738cb-761f-45b6-9c0e-09feed0105fe-retina-large.JPG",https://www.doordash.com/store/armandos-mexican-food-moreno-valley-240502/1730119/consider,20-3-rolled-tacos-198880520.jpg,
240502,Armandos Mexican Food,category-20595903,"Carne Asada Fries, Nachos, Quesadillas & Sides","Loaded fries, nachos, quesadillas, and shareable favorites.",198880559,Chips and Guacamole,Crisp tortilla chips topped with guacamole and cheese.,$7.99_),,chips-and-guacamole-198880559.jpg,"https://img.cdn4dd.com/cdn-cgi/image/fit=contain,width=1200,height=672,format=auto/https://doordash-static.s3.amazonaws.com/media/photos/35cb1039-964c-4fdc-8f19-1b64b09f4505-retina-large-jpeg",https://www.doordash.com/store/armandos-mexican-food-moreno-valley-240502/1730119/consider,chips-and-guacamole-198880559.jpg,
240502,Armandos Mexican Food,category-20595903,"Carne Asada Fries, Nachos, Quesadillas & Sides","Loaded fries, nachos, quesadillas, and shareable favorites.",32960992457,Chips and Guacamole No Cheese,Crisp tortilla chips served with creamy guacamole. No cheese.,$6.99_),,chips-and-guacamole-no-cheese-32960992457.jpg,"https://img.cdn4dd.com/cdn-cgi/image/fit=contain,width=1200,height=672,format=auto/https://doordash-static.s3.amazonaws.com/media/photosV2/e2df1840-2f18-441a-ae37-11d24a96c3c6-retina-large.jpg",https://www.doordash.com/store/armandos-mexican-food-moreno-valley-240502/1730119/consider,chips-and-guacamole-no-cheese-32960992457.jpg,
240502,Armandos Mexican Food,category-20595897,Combination Plates,Hearty combinations served with rice and refried beans unless noted.,7949242446,Adobada Plate with Rice and Beans,"Marinated pork with rice, refried beans, guacamole, picó de gallo, and lettuce. Served with corn or flour tortillas.",$13.99_),,adobada-plate-rice-beans-7949242446.jpg,"https://img.cdn4dd.com/cdn-cgi/image/fit=contain,width=1200,height=672,format=auto/https://doordash-static.s3.amazonaws.com/media/photosV2/07c03be7-4c9f-4420-bbe2-c506ce44d228-retina-large.jpg",https://www.doordash.com/store/armandos-mexican-food-moreno-valley-240502/1730119/consider,adobada-plate-rice-beans-7949242446.jpg,
240502,Armandos Mexican Food,category-20595903,"Carne Asada Fries, Nachos, Quesadillas & Sides","Loaded fries, nachos, quesadillas, and shareable favorites.",198880561,Chips and Salsa,Crisp tortilla chips served with fresh salsa.,$4.99_),,chips-and-salsa-198880561.jpg,"https://img.cdn4dd.com/cdn-cgi/image/fit=contain,width=1200,height=672,format=auto/https://doordash-static.s3.amazonaws.com/media/photosV2/194d721b-7ddf-44f2-a875-0de806b05978-retina-large.jpg",https://www.doordash.com/store/armandos-mexican-food-moreno-valley-240502/1730119/consider,chips-and-salsa-198880561.jpg,
240502,Armandos Mexican Food,category-20595903,"Carne Asada Fries, Nachos, Quesadillas & Sides","Loaded fries, nachos, quesadillas, and shareable favorites.",198880557,French Fries,Golden french fries seasoned with salt.,$3.25_),,french-fries-198880557.jpg,"https://img.cdn4dd.com/cdn-cgi/image/fit=contain,width=1200,height=672,format=auto/https://doordash-static.s3.amazonaws.com/media/photos/810ad7e7-5b53-466f-af2d-8669bacfb6b9-retina-large-jpeg",https://www.doordash.com/store/armandos-mexican-food-moreno-valley-240502/1730119/consider,french-fries-198880557.jpg,
240502,Armandos Mexican Food,category-20595903,"Carne Asada Fries, Nachos, Quesadillas & Sides","Loaded fries, nachos, quesadillas, and shareable favorites.",198880562,Half-Order Carne Asada Chips,"A half order of tortilla chips topped with carne asada, guacamole, and cheese.",$16.99_),,12-carne-asada-chips-198880562.jpg,"https://img.cdn4dd.com/cdn-cgi/image/fit=contain,width=1200,height=672,format=auto/https://doordash-static.s3.amazonaws.com/media/photosV2/fdd041b9-6e16-47a7-9adc-bc63fe471f99-retina-large.jpg",https://www.doordash.com/store/armandos-mexican-food-moreno-valley-240502/1730119/consider,1-2-carne-asada-chips-198880562.jpg,
240502,Armandos Mexican Food,category-20595903,"Carne Asada Fries, Nachos, Quesadillas & Sides","Loaded fries, nachos, quesadillas, and shareable favorites.",198880563,Half-Order Carne Asada Fries,"A half order of french fries topped with carne asada, guacamole, and cheese.",$16.99_),,carne-asada-fries-198880524.jpg,"https://img.cdn4dd.com/cdn-cgi/image/fit=contain,width=1200,height=672,format=auto/https://doordash-static.s3.amazonaws.com/media/photos/5f83b0f5-ba15-45f4-b017-9c6684a64eb8-retina-large-jpeg",https://www.doordash.com/store/armandos-mexican-food-moreno-valley-240502/1730119/consider,1-2-carne-asada-fries-198880563.jpg,Needs new picture
240502,Armandos Mexican Food,category-20595903,"Carne Asada Fries, Nachos, Quesadillas & Sides","Loaded fries, nachos, quesadillas, and shareable favorites.",759912532,Half-Order Carne Asada Fries with Sour Cream,"A half order of french fries topped with carne asada, guacamole, cheese, and sour cream.",$17.99_),,12-carne-asada-fries-x-sour-cream-759912532.jpg,"https://img.cdn4dd.com/cdn-cgi/image/fit=contain,width=1200,height=672,format=auto/https://doordash-static.s3.amazonaws.com/media/photos/bf71a852-fb1e-451a-909f-9abdb6e39c9d-retina-large-jpeg",https://www.doordash.com/store/armandos-mexican-food-moreno-valley-240502/1730119/consider,1-2-carne-asada-fries-with-sour-cream-759912532.jpg,
240502,Armandos Mexican Food,category-20595903,"Carne Asada Fries, Nachos, Quesadillas & Sides","Loaded fries, nachos, quesadillas, and shareable favorites.",2222103720,Large Chicken Nachos,"Tortilla chips topped with grilled chicken, guacamole, and cheese.",$16.89_),,large-chicken-nachos-2222103720.jpg,"https://img.cdn4dd.com/cdn-cgi/image/fit=contain,width=1200,height=672,format=auto/https://doordash-static.s3.amazonaws.com/media/photos/0b21cc69-4c25-4884-b90b-46e6e9fa527a-retina-large-jpeg",https://www.doordash.com/store/armandos-mexican-food-moreno-valley-240502/1730119/consider,large-chicken-nachos-2222103720.jpg,
240502,Armandos Mexican Food,category-20595897,Combination Plates,Hearty combinations served with rice and refried beans unless noted.,376154181,Birria Combo,"Slow-cooked birria with rice, refried beans, onion, and cilantro. Served with corn or flour tortillas.",$14.76_),,birria-comboevery-day-376154181.jpg,"https://img.cdn4dd.com/cdn-cgi/image/fit=contain,width=1200,height=672,format=auto/https://doordash-static.s3.amazonaws.com/media/photosV2/a1037d69-c436-40ff-a3fd-389d8afbfe68-retina-large.jpg",https://www.doordash.com/store/armandos-mexican-food-moreno-valley-240502/1730119/consider,birria-combo-every-day-376154181.jpg,
240502,Armandos Mexican Food,category-20595897,Combination Plates,Hearty combinations served with rice and refried beans unless noted.,376154282,Birria Bowl,"A 32 oz bowl of slow-cooked birria served with onion, cilantro, and corn or flour tortillas.",$14.99_),,birria-bowl-376154282.jpg,"https://img.cdn4dd.com/cdn-cgi/image/fit=contain,width=1200,height=672,format=auto/https://doordash-static.s3.amazonaws.com/media/photos/5d55f57e-57fe-448e-983c-daa405dceb69-retina-large-jpeg",https://www.doordash.com/store/armandos-mexican-food-moreno-valley-240502/1730119/consider,birria-bowl-376154282.jpg,
240502,Armandos Mexican Food,category-20595897,Combination Plates,Hearty combinations served with rice and refried beans unless noted.,7995077785,Cabeza Plate with Rice and Beans,"Tender beef head with rice, refried beans, guacamole, picó de gallo, and lettuce. Served with your choice of tortillas.",$14.99_),,cabeza-plate-rices-and-beans-7995077785.jpg,"https://img.cdn4dd.com/cdn-cgi/image/fit=contain,width=1200,height=672,format=auto/https://doordash-static.s3.amazonaws.com/media/photosV2/c5f16437-d25e-41ff-a84f-1986acaa6d74-retina-large.jpg",https://www.doordash.com/store/armandos-mexican-food-moreno-valley-240502/1730119/consider,cabeza-plate-rices-and-beans-7995077785.jpg,
240502,Armandos Mexican Food,category-22689130,Soups & Menudo,Traditional Mexican soups served with fresh garnishes and tortillas.,6875773854,Caldo de Res,"Beef and vegetables simmered in a savory broth, served with rice, onion, cilantro, and corn tortillas.",$17.99_),,caldo-de-res-6875773854.jpg,"https://img.cdn4dd.com/cdn-cgi/image/fit=contain,width=1200,height=672,format=auto/https://doordash-static.s3.amazonaws.com/media/photosV2/8978504d-906a-4ee4-86ae-a47e46ffd22e-retina-large.jpg",https://www.doordash.com/store/armandos-mexican-food-moreno-valley-240502/1730119/consider,caldo-de-res-6875773854.jpg,
240502,Armandos Mexican Food,category-20595897,Combination Plates,Hearty combinations served with rice and refried beans unless noted.,198880521,Camarones a la Diabla,"Shrimp in a spicy red salsa served with rice, refried beans, sliced avocado, cucumber, and orange.",$16.99_),,camarones-a-la-diabla-198880521.png,"https://img.cdn4dd.com/cdn-cgi/image/fit=contain,width=1200,height=672,format=auto/https://doordash-static.s3.amazonaws.com/media/photosV2/0d008742-94c2-4c0b-995f-8c12e207abb9-90573553-1be4-424c-a2b3-5c7323b409a9-retina-large.jpg",https://www.doordash.com/store/armandos-mexican-food-moreno-valley-240502/1730119/consider,camarones-a-la-diabla-198880521.png,
240502,Armandos Mexican Food,category-20595903,"Carne Asada Fries, Nachos, Quesadillas & Sides","Loaded fries, nachos, quesadillas, and shareable favorites.",5347103892,"Large Ground Beef Fries with Rice, Cheese, and Sour Cream","French fries topped with ground beef, rice, cheese, and sour cream.",$15.25_),,,,https://www.doordash.com/store/armandos-mexican-food-moreno-valley-240502/1730119/consider,,Needs new picture
240502,Armandos Mexican Food,category-20595903,"Carne Asada Fries, Nachos, Quesadillas & Sides","Loaded fries, nachos, quesadillas, and shareable favorites.",27634029237,Large Veggie Fries,"French fries topped with guacamole, cheese, sour cream, picó de gallo, and lettuce.",$11.99_),,large-veggie-fries-27634029237.png,"https://img.cdn4dd.com/cdn-cgi/image/fit=contain,width=1200,height=672,format=auto/https://doordash-static.s3.amazonaws.com/media/photosV2/f6e970be-8fda-4cdc-aa37-4d96ec4e480b-45481134-1ffa-4eb7-bcd8-7c18f03597a3-retina-large.jpg",https://www.doordash.com/store/armandos-mexican-food-moreno-valley-240502/1730119/consider,large-veggie-fries-27634029237.png,
240502,Armandos Mexican Food,category-20595903,"Carne Asada Fries, Nachos, Quesadillas & Sides","Loaded fries, nachos, quesadillas, and shareable favorites.",5613241909,Quesabirria,"Crisp, cheese-filled birria tacos served with consommé, onion, and cilantro.",$14.99_),,quesabirria-5613241909.jpg,"https://img.cdn4dd.com/cdn-cgi/image/fit=contain,width=1200,height=672,format=auto/https://doordash-static.s3.amazonaws.com/media/photosV2/dd479359-0c10-4c45-b715-873e13fbe732-retina-large.JPG",https://www.doordash.com/store/armandos-mexican-food-moreno-valley-240502/1730119/consider,quesabirria-5613241909.jpg,
240502,Armandos Mexican Food,category-20595903,"Carne Asada Fries, Nachos, Quesadillas & Sides","Loaded fries, nachos, quesadillas, and shareable favorites.",44177153501,Shredded Beef Nachos Bell Peppers Onion,"Tortilla chips topped with shredded beef, guacamole, cheese, onion, and bell peppers.",$15.99_),,,,https://www.doordash.com/store/armandos-mexican-food-moreno-valley-240502/1730119/consider,,
240502,Armandos Mexican Food,category-20595897,Combination Plates,Hearty combinations served with rice and refried beans unless noted.,6912796879,Two Chicken Enchiladas with Green Sauce,"Two chicken enchiladas topped with green salsa and cheese, served with rice and refried beans.",$13.67_),,chicken-enchiladas-green-sauce-rice-beans-6912796879.jpg,"https://img.cdn4dd.com/cdn-cgi/image/fit=contain,width=1200,height=672,format=auto/https://doordash-static.s3.amazonaws.com/media/photosV2/5e5eadbe-e18d-492d-928e-10286b5880c3-retina-large.JPG",https://www.doordash.com/store/armandos-mexican-food-moreno-valley-240502/1730119/consider,chicken-enchiladas-green-sauce-rice-beans-6912796879.jpg,
240502,Armandos Mexican Food,category-20595897,Combination Plates,Hearty combinations served with rice and refried beans unless noted.,10770381235,Chile Relleno and Cheese Enchilada Combo,"A cheese-stuffed chile relleno and cheese enchilada topped with red salsa, served with rice, refried beans, guacamole, sour cream, and lettuce.",$13.99_),,chile-relleno-cheese-enchilada-combo-10770381235.jpg,"https://img.cdn4dd.com/cdn-cgi/image/fit=contain,width=1200,height=672,format=auto/https://doordash-static.s3.amazonaws.com/media/photosV2/20c0dc2c-c1e4-4c33-9293-61cbf5b8d784-retina-large.jpg",https://www.doordash.com/store/armandos-mexican-food-moreno-valley-240502/1730119/consider,chile-relleno-cheese-enchilada-combo-10770381235.jpg,
240502,Armandos Mexican Food,category-20595903,"Carne Asada Fries, Nachos, Quesadillas & Sides","Loaded fries, nachos, quesadillas, and shareable favorites.",198880552,Shrimp Quesadilla,"A grilled flour tortilla filled with shrimp and cheese, served with cabbage, tomatoes, lettuce, and creamy sauce.",$13.78_),,shrimp-quesadilla-198880552.jpg,"https://img.cdn4dd.com/cdn-cgi/image/fit=contain,width=1200,height=672,format=auto/https://doordash-static.s3.amazonaws.com/media/photosV2/507aff72-4805-4295-83c8-ba396d742a2e-retina-large.jpg",https://www.doordash.com/store/armandos-mexican-food-moreno-valley-240502/1730119/consider,shrimp-quesadilla-198880552.jpg,
240502,Armandos Mexican Food,category-20595897,Combination Plates,Hearty combinations served with rice and refried beans unless noted.,7949201301,Chile Verde Plate with Rice and Beans,"Carnitas in green salsa served with rice, refried beans, and corn or flour tortillas.",$13.99_),,chile-verde-plate-rice-beans-7949201301.jpg,"https://img.cdn4dd.com/cdn-cgi/image/fit=contain,width=1200,height=672,format=auto/https://doordash-static.s3.amazonaws.com/media/photosV2/9560ad92-2fac-458a-b86a-b607c1cdee37-retina-large.jpg",https://www.doordash.com/store/armandos-mexican-food-moreno-valley-240502/1730119/consider,chile-verde-plate-rice-beans-7949201301.jpg,
240502,Armandos Mexican Food,category-20595903,"Carne Asada Fries, Nachos, Quesadillas & Sides","Loaded fries, nachos, quesadillas, and shareable favorites.",358347767,Small Surf and Turf Fries,"French fries topped with carne asada, eight shrimp, guacamole, cheese, and sour cream.",$16.99_),,small-surf-and-turf-fries-358347767.jpg,"https://img.cdn4dd.com/cdn-cgi/image/fit=contain,width=1200,height=672,format=auto/https://doordash-static.s3.amazonaws.com/media/photosV2/d1981106-11e1-49cd-9145-09f3f9bcecc1-retina-large.jpg",https://www.doordash.com/store/armandos-mexican-food-moreno-valley-240502/1730119/consider,small-surf-and-turf-fries-358347767.jpg,
240502,Armandos Mexican Food,category-20595897,Combination Plates,Hearty combinations served with rice and refried beans unless noted.,198880522,Enchiladas del Mar,"Two shrimp enchiladas with crab meat, picó de gallo, and sour cream.",$15.99_),,enchiladas-del-mar-shrimp-198880522.jpg,"https://img.cdn4dd.com/cdn-cgi/image/fit=contain,width=1200,height=672,format=auto/https://doordash-static.s3.amazonaws.com/media/photos/157358fe-de83-40e9-bc9e-c0ceb83f0f59-retina-large-jpeg",https://www.doordash.com/store/armandos-mexican-food-moreno-valley-240502/1730119/consider,enchiladas-del-mar-shrimp-198880522.jpg,
240502,Armandos Mexican Food,category-20595897,Combination Plates,Hearty combinations served with rice and refried beans unless noted.,198880526,Flying Saucer,"A crisp flour tortilla layered with refried beans, shredded beef, cheese, lettuce, onion, and bell peppers.",$9.99_),,flying-saucer-198880526.jpg,"https://img.cdn4dd.com/cdn-cgi/image/fit=contain,width=1200,height=672,format=auto/https://doordash-static.s3.amazonaws.com/media/photos/6b7b6bea-708c-4c40-be0b-b97571fc797c-retina-large-jpeg",https://www.doordash.com/store/armandos-mexican-food-moreno-valley-240502/1730119/consider,flying-saucer-198880526.jpg,
240502,Armandos Mexican Food,category-20595903,"Carne Asada Fries, Nachos, Quesadillas & Sides","Loaded fries, nachos, quesadillas, and shareable favorites.",27631629582,Small Veggie Fries,"French fries topped with guacamole, cheese, sour cream, picó de gallo, and lettuce.",$9.99_),,small-veggie-fries-27631629582.png,"https://img.cdn4dd.com/cdn-cgi/image/fit=contain,width=1200,height=672,format=auto/https://doordash-static.s3.amazonaws.com/media/photosV2/9501cc60-c974-43d6-bd11-f36abea8a987-fd7891e2-5e55-42a7-aace-65b455a94d6f-retina-large.jpg",https://www.doordash.com/store/armandos-mexican-food-moreno-valley-240502/1730119/consider,small-veggie-fries-27631629582.png,
240502,Armandos Mexican Food,category-20595903,"Carne Asada Fries, Nachos, Quesadillas & Sides","Loaded fries, nachos, quesadillas, and shareable favorites.",759911924,Super Nachos,"Tortilla chips topped with carne asada, refried beans, guacamole, cheese, sour cream, and picó de gallo.",$19.99_),,super-nachos-759911924.jpg,"https://img.cdn4dd.com/cdn-cgi/image/fit=contain,width=1200,height=672,format=auto/https://doordash-static.s3.amazonaws.com/media/photos/86d4c2cb-8b8c-4c39-996e-1590289e6c85-retina-large-jpeg",https://www.doordash.com/store/armandos-mexican-food-moreno-valley-240502/1730119/consider,super-nachos-759911924.jpg,
240502,Armandos Mexican Food,category-20595903,"Carne Asada Fries, Nachos, Quesadillas & Sides","Loaded fries, nachos, quesadillas, and shareable favorites.",5337571594,Super Rolled Tacos,"Four crispy chicken or beef rolled tacos topped with carne asada, guacamole, cheese, sour cream, picó de gallo, and lettuce.",$13.99_),,super-rolled-taquitos-5337571594.png,"https://img.cdn4dd.com/cdn-cgi/image/fit=contain,width=1200,height=672,format=auto/https://doordash-static.s3.amazonaws.com/media/photosV2/fde919b3-ca21-4742-834e-8df38063e65a-171157bf-fbcf-4a8e-8d9b-aba1ddb7746f-retina-large.jpg",https://www.doordash.com/store/armandos-mexican-food-moreno-valley-240502/1730119/consider,super-rolled-taquitos-5337571594.png,
240502,Armandos Mexican Food,category-20595897,Combination Plates,Hearty combinations served with rice and refried beans unless noted.,14833449100,Ranchera Plate,"Ranchera-style meat with rice, refried beans, lettuce, sliced avocado, and two chiles toreados. Served with corn or flour tortillas.",$17.99_),,ranchera-plate-14833449100.jpg,"https://img.cdn4dd.com/cdn-cgi/image/fit=contain,width=1200,height=672,format=auto/https://doordash-static.s3.amazonaws.com/media/photosV2/a5195ce7-3d05-4085-a746-db373dfbf515-retina-large.jpg",https://www.doordash.com/store/armandos-mexican-food-moreno-valley-240502/1730119/consider,ranchera-plate-14833449100.jpg,
240502,Armandos Mexican Food,category-20595903,"Carne Asada Fries, Nachos, Quesadillas & Sides","Loaded fries, nachos, quesadillas, and shareable favorites.",358347340,Surf and Turf Fries,"French fries topped with carne asada, twelve shrimp, guacamole, cheese, and sour cream.",$18.99_),,surf-and-turf-fries-358347340.jpg,"https://img.cdn4dd.com/cdn-cgi/image/fit=contain,width=1200,height=672,format=auto/https://doordash-static.s3.amazonaws.com/media/photosV2/55199b49-89a3-47dc-a10b-1a51451b6e49-retina-large.jpg",https://www.doordash.com/store/armandos-mexican-food-moreno-valley-240502/1730119/consider,surf-and-turf-fries-358347340.jpg,
240502,Armandos Mexican Food,category-20595903,"Carne Asada Fries, Nachos, Quesadillas & Sides","Loaded fries, nachos, quesadillas, and shareable favorites.",3871320158,Surf and Turf Quesadilla,"A grilled flour tortilla filled with carne asada, shrimp, and cheese, served with guacamole, sour cream, and picó de gallo.",$14.99_),,surf-and-turf-quesadilla-3871320158.jpg,"https://img.cdn4dd.com/cdn-cgi/image/fit=contain,width=1200,height=672,format=auto/https://doordash-static.s3.amazonaws.com/media/photosV2/e3bd845c-aeaa-4a0f-b14f-8eddc8a92f74-retina-large.JPG",https://www.doordash.com/store/armandos-mexican-food-moreno-valley-240502/1730119/consider,surf-and-turf-quesadilla-3871320158.jpg,
240502,Armandos Mexican Food,category-20595903,"Carne Asada Fries, Nachos, Quesadillas & Sides","Loaded fries, nachos, quesadillas, and shareable favorites.",4921379008,"Trio Fries with Shrimp, Chicken, and Carne Asada","French fries topped with shrimp, grilled chicken, carne asada, guacamole, cheese, and sour cream.",$19.99_),,trio-fries-shrimp-chicken-carne-asada-4921379008.jpg,"https://img.cdn4dd.com/cdn-cgi/image/fit=contain,width=1200,height=672,format=auto/https://doordash-static.s3.amazonaws.com/media/photosV2/dd467574-964d-40f7-ab55-c9b6efcaa6ee-retina-large.jpg",https://www.doordash.com/store/armandos-mexican-food-moreno-valley-240502/1730119/consider,trio-fries-shrimp-chicken-carne-asada-4921379008.jpg,
240502,Armandos Mexican Food,category-20595903,"Carne Asada Fries, Nachos, Quesadillas & Sides","Loaded fries, nachos, quesadillas, and shareable favorites.",9830707325,Two Chiles Rellenos A la Carte,"Two cheese-stuffed chiles rellenos topped with red salsa and cheese, served with guacamole, sour cream, picó de gallo, and lettuce.",$9.99_),,two-chile-rellenos-ala-carta-9830707325.jpg,"https://img.cdn4dd.com/cdn-cgi/image/fit=contain,width=1200,height=672,format=auto/https://doordash-static.s3.amazonaws.com/media/photosV2/87ef188b-b99e-43b9-8f17-c91634a847aa-retina-large.jpg",https://www.doordash.com/store/armandos-mexican-food-moreno-valley-240502/1730119/consider,two-chile-rellenos-ala-carta-9830707325.jpg,
240502,Armandos Mexican Food,category-20595897,Combination Plates,Hearty combinations served with rice and refried beans unless noted.,5765626765,Two Chicken Enchiladas with Rice and Beans,"Two chicken enchiladas topped with green salsa and cheese, served with rice and refried beans.",$13.66_),,two-chicken-enchiladas-rice-and-beans-5765626765.jpg,"https://img.cdn4dd.com/cdn-cgi/image/fit=contain,width=1200,height=672,format=auto/https://doordash-static.s3.amazonaws.com/media/photosV2/a2e56aa0-c7c8-4d88-95fc-f294c566849d-retina-large.jpg",https://www.doordash.com/store/armandos-mexican-food-moreno-valley-240502/1730119/consider,two-chicken-enchiladas-rice-and-beans-5765626765.jpg,
240502,Armandos Mexican Food,category-20595897,Combination Plates,Hearty combinations served with rice and refried beans unless noted.,8880117979,Two-Enchilada Combo – Chicken and Cheese,"One chicken enchilada and one cheese enchilada topped with red salsa and cheese, served with rice and refried beans.",$13.76_),,two-enchiladas-combo-1-chicken-1-cheese-red-sauce-8880117979.jpg,"https://img.cdn4dd.com/cdn-cgi/image/fit=contain,width=1200,height=672,format=auto/https://doordash-static.s3.amazonaws.com/media/photos/c4cbacdf-ff2c-494b-b3ed-463b9a863c0b-retina-large-jpeg",https://www.doordash.com/store/armandos-mexican-food-moreno-valley-240502/1730119/consider,two-enchiladas-combo-1-chicken-1-cheese-red-sauce-8880117979.jpg,
240502,Armandos Mexican Food,category-20595897,Combination Plates,Hearty combinations served with rice and refried beans unless noted.,5732068679,"Two Birria Tacos with Rice, Beans, and Consommé","Two birria tacos served with rice, refried beans, and rich consommé.",$13.99_),,two-birria-tacos-rice-and-beans-and-consome-5732068679.jpg,"https://img.cdn4dd.com/cdn-cgi/image/fit=contain,width=1200,height=672,format=auto/https://doordash-static.s3.amazonaws.com/media/photosV2/d225d120-61f0-4beb-b17b-a78e48b6a5f9-retina-large.jpg",https://www.doordash.com/store/armandos-mexican-food-moreno-valley-240502/1730119/consider,two-birria-tacos-rice-and-beans-and-consome-5732068679.jpg,
240502,Armandos Mexican Food,category-20595904,Three-Taco Specials,Three street tacos served with rice and refried beans.,198880564,3 Carne Asada Street Tacos,"Three carne asada street tacos topped with onion and cilantro, served with rice and refried beans.",$12.99_),,3-mini-tacos-special-asada-198880564.jpg,"https://img.cdn4dd.com/cdn-cgi/image/fit=contain,width=1200,height=672,format=auto/https://doordash-static.s3.amazonaws.com/media/photos/74eb5778-77ec-4d4a-b5ff-eada5a829fd3-retina-large-jpeg",https://www.doordash.com/store/armandos-mexican-food-moreno-valley-240502/1730119/consider,3-mini-tacos-special-asada-198880564.jpg,
240502,Armandos Mexican Food,category-20595904,Three-Taco Specials,Three street tacos served with rice and refried beans.,564141127,3 Cabeza Street Tacos,"Three tender beef-head street tacos topped with onion and cilantro, served with rice and refried beans.",$12.99_),,3-mini-tacos-special-cabeza-564141127.jpg,"https://img.cdn4dd.com/cdn-cgi/image/fit=contain,width=1200,height=672,format=auto/https://doordash-static.s3.amazonaws.com/media/photos/3f05d998-f3bd-4f8a-ae19-170b0011a791-retina-large-jpeg",https://www.doordash.com/store/armandos-mexican-food-moreno-valley-240502/1730119/consider,3-mini-tacos-special-cabeza-564141127.jpg,
240502,Armandos Mexican Food,category-20595904,Three-Taco Specials,Three street tacos served with rice and refried beans.,1115187588,3 Carnitas Street Tacos,"Three carnitas street tacos topped with onion and cilantro, served with rice and refried beans.",$12.75_),,3-mini-tacos-special-carnitas-1115187588.jpg,"https://img.cdn4dd.com/cdn-cgi/image/fit=contain,width=1200,height=672,format=auto/https://doordash-static.s3.amazonaws.com/media/photosV2/49c49767-a720-49ac-892c-ec42891360e8-retina-large.jpeg",https://www.doordash.com/store/armandos-mexican-food-moreno-valley-240502/1730119/consider,3-mini-tacos-special-carnitas-1115187588.jpg,
240502,Armandos Mexican Food,category-20595904,Three-Taco Specials,Three street tacos served with rice and refried beans.,564141004,3 Al Pastor Street Tacos,"Three al pastor street tacos topped with onion and cilantro, served with rice and refried beans.",$12.99_),,3-mini-tacos-special-pastor-564141004.jpg,"https://img.cdn4dd.com/cdn-cgi/image/fit=contain,width=1200,height=672,format=auto/https://doordash-static.s3.amazonaws.com/media/photos/ed750cfe-aaa9-4a07-81a7-55c154aa8c5c-retina-large-jpeg",https://www.doordash.com/store/armandos-mexican-food-moreno-valley-240502/1730119/consider,3-mini-tacos-special-pastor-564141004.jpg,
240502,Armandos Mexican Food,category-20595904,Three-Taco Specials,Three street tacos served with rice and refried beans.,564141338,3 Pollo Asado Street Tacos,"Three grilled chicken street tacos topped with onion and cilantro, served with rice and refried beans.",$12.99_),,3-mini-tacos-special-pollo-asado-564141338.jpg,"https://img.cdn4dd.com/cdn-cgi/image/fit=contain,width=1200,height=672,format=auto/https://doordash-static.s3.amazonaws.com/media/photosV2/15a25a8e-683e-48c6-b271-b2d2e1146752-retina-large.jpeg",https://www.doordash.com/store/armandos-mexican-food-moreno-valley-240502/1730119/consider,3-mini-tacos-special-pollo-asado-564141338.jpg,
240502,Armandos Mexican Food,category-20595904,Three-Taco Specials,Three street tacos served with rice and refried beans.,5336746597,3 Birria Street Tacos,"Three birria street tacos topped with onion and cilantro, served with rice and refried beans.",$12.99_),,birria-mini-taco-special-5336746597.jpg,"https://img.cdn4dd.com/cdn-cgi/image/fit=contain,width=1200,height=672,format=auto/https://doordash-static.s3.amazonaws.com/media/photosV2/ece61565-02c5-430e-b80c-be2129b03628-retina-large.JPG",https://www.doordash.com/store/armandos-mexican-food-moreno-valley-240502/1730119/consider,birria-mini-taco-special-5336746597.jpg,
240502,Armandos Mexican Food,category-177209040,Side Orders,Classic sides and extras to complete your meal.,1165798551,3 Chiles Toreados,"Three charred serrano peppers with a smoky, spicy finish.",$1_),,chilles-toreados-3-serranos-1165798551.jpg,"https://img.cdn4dd.com/cdn-cgi/image/fit=contain,width=1200,height=672,format=auto/https://doordash-static.s3.amazonaws.com/media/photos/cc606e2f-589d-4ed0-873d-e2750ae62d67-retina-large-jpeg",https://www.doordash.com/store/armandos-mexican-food-moreno-valley-240502/1730119/consider,chilles-toreados-3-serranos-1165798551.jpg,
240502,Armandos Mexican Food,category-20595897,Combination Plates,Hearty combinations served with rice and refried beans unless noted.,6416059090,Two Birria Sopes Combo,Two birria sopes served with rice and refried beans.,$11.99_),,two-birria-sopes-combo-6416059090.jpg,"https://img.cdn4dd.com/p/fit=contain,width=1200,height=672,format=auto/media/yelp/e3809835-3b74-4ae2-8de0-dbd8e4f36ae9.jpg",https://www.doordash.com/store/armandos-mexican-food-moreno-valley-240502/1730119/consider,two-birria-sopes-combo-6416059090.jpg,
240502,Armandos Mexican Food,category-20595897,Combination Plates,Hearty combinations served with rice and refried beans unless noted.,1206365534,Two Sopes Combo – Choice of Meat,"Two sopes with your choice of chicken, carne asada, carnitas, or al pastor, served with rice and refried beans. Both sopes must use the same meat.",$11.99_),,two-sopes-any-meat-combo-1206365534.jpg,"https://img.cdn4dd.com/cdn-cgi/image/fit=contain,width=1200,height=672,format=auto/https://doordash-static.s3.amazonaws.com/media/photosV2/cda2dff0-5bc4-4452-b7fc-d28d77a77b5a-retina-large.jpg",https://www.doordash.com/store/armandos-mexican-food-moreno-valley-240502/1730119/consider,two-sopes-any-meat-combo-1206365534.jpg,
240502,Armandos Mexican Food,category-20595898,Fajitas,"Grilled meats with peppers and onions, served with rice, beans, and tortillas.",198880528,Chicken Fajitas,"Grilled chicken with sautéed bell peppers and onions, served with rice, refried beans, avocado, and corn or flour tortillas.",$17.99_),,chicken-fajitas-198880528.jpg,"https://img.cdn4dd.com/cdn-cgi/image/fit=contain,width=1200,height=672,format=auto/https://doordash-static.s3.amazonaws.com/media/photosV2/00294db8-2d01-4e19-8723-c6fdabc613b0-retina-large.jpg",https://www.doordash.com/store/armandos-mexican-food-moreno-valley-240502/1730119/consider,chicken-fajitas-198880528.jpg,
240502,Armandos Mexican Food,category-20595898,Fajitas,"Grilled meats with peppers and onions, served with rice, beans, and tortillas.",198880527,Shrimp Fajitas,"Grilled shrimp with sautéed bell peppers and onions, served with rice, refried beans, avocado, and corn or flour tortillas.",$18.99_),,shrimp-fajitas-198880527.jpg,"https://img.cdn4dd.com/cdn-cgi/image/fit=contain,width=1200,height=672,format=auto/https://doordash-static.s3.amazonaws.com/media/photos/30f8c0d6-dd17-4d99-9347-00b784fad98b-retina-large-jpeg",https://www.doordash.com/store/armandos-mexican-food-moreno-valley-240502/1730119/consider,shrimp-fajitas-198880527.jpg,
240502,Armandos Mexican Food,category-20595898,Fajitas,"Grilled meats with peppers and onions, served with rice, beans, and tortillas.",198880529,Steak Fajitas,"Grilled steak with sautéed bell peppers and onions, served with rice, refried beans, avocado, and corn or flour tortillas.",$17.99_),,steak-fajitas-198880529.jpg,"https://img.cdn4dd.com/cdn-cgi/image/fit=contain,width=1200,height=672,format=auto/https://doordash-static.s3.amazonaws.com/media/photosV2/f04f3327-356b-4b8e-9eb5-30aa47139d61-retina-large.jpg",https://www.doordash.com/store/armandos-mexican-food-moreno-valley-240502/1730119/consider,steak-fajitas-198880529.jpg,
240502,Armandos Mexican Food,category-20595898,Fajitas,"Grilled meats with peppers and onions, served with rice, beans, and tortillas.",6918405632,"Trio Fajitas – Shrimp, Chicken, and Steak","Grilled shrimp, chicken, and steak with sautéed bell peppers and onions, served with rice, refried beans, lettuce, sour cream, and sliced avocado.",$17.99_),,trio-fajitas-shrimp-chicken-steak-6918405632.jpg,"https://img.cdn4dd.com/cdn-cgi/image/fit=contain,width=1200,height=672,format=auto/https://doordash-static.s3.amazonaws.com/media/photosV2/d272368a-11a8-4661-b8fd-186a9d22cfb5-retina-large.JPG",https://www.doordash.com/store/armandos-mexican-food-moreno-valley-240502/1730119/consider,trio-fajitas-shrimp-chicken-steak-6918405632.jpg,
240502,Armandos Mexican Food,category-128663716,Lengua,"Tender beef tongue prepared in tacos, burritos, tortas, and loaded favorites.",15070153181,Lengua Combo,"Tender beef tongue with rice, refried beans, onion, and cilantro. Served with corn or flour tortillas.",$14.99_),,combo-de-lengua-15070153181.jpg,"https://img.cdn4dd.com/cdn-cgi/image/fit=contain,width=1200,height=672,format=auto/https://doordash-static.s3.amazonaws.com/media/photosV2/b28c13a8-60a0-4284-8a60-6b54bfb9b347-retina-large.jpg",https://www.doordash.com/store/armandos-mexican-food-moreno-valley-240502/1730119/consider,combo-de-lengua-15070153181.jpg,
240502,Armandos Mexican Food,category-128663716,Lengua,"Tender beef tongue prepared in tacos, burritos, tortas, and loaded favorites.",15070184232,Lengua Burrito,"Tender beef tongue, rice, refried beans, onion, and cilantro wrapped in a soft flour tortilla.",$13.78_),,lengua-burrito-15070184232.jpg,"https://img.cdn4dd.com/cdn-cgi/image/fit=contain,width=1200,height=672,format=auto/https://doordash-static.s3.amazonaws.com/media/photosV2/3522047a-0155-4a98-8f10-6587892e7afa-retina-large.jpg",https://www.doordash.com/store/armandos-mexican-food-moreno-valley-240502/1730119/consider,lengua-burrito-15070184232.jpg,
240502,Armandos Mexican Food,category-128663716,Lengua,"Tender beef tongue prepared in tacos, burritos, tortas, and loaded favorites.",15070309400,"Lengua Fries with Beans, Cheese, Rice, Onion, and Cilantro","French fries topped with beef tongue, refried beans, rice, cheese, onion, and cilantro.",$17.99_),,,,https://www.doordash.com/store/armandos-mexican-food-moreno-valley-240502/1730119/consider,,
240502,Armandos Mexican Food,category-128663716,Lengua,"Tender beef tongue prepared in tacos, burritos, tortas, and loaded favorites.",15069923427,Lengua Fries with Guacamole and Cheese,"French fries topped with beef tongue, guacamole, and cheese.",$17.99_),,,,https://www.doordash.com/store/armandos-mexican-food-moreno-valley-240502/1730119/consider,,
240502,Armandos Mexican Food,category-128663716,Lengua,"Tender beef tongue prepared in tacos, burritos, tortas, and loaded favorites.",15069308837,"Lengua Nachos with Beans, Rice, Cheese, Onion, and Cilantro","Tortilla chips topped with beef tongue, refried beans, rice, cheese, onion, and cilantro.",$17.99_),,,,https://www.doordash.com/store/armandos-mexican-food-moreno-valley-240502/1730119/consider,,
240502,Armandos Mexican Food,category-128663716,Lengua,"Tender beef tongue prepared in tacos, burritos, tortas, and loaded favorites.",15070184233,Lengua Nachos with Guacamole and Cheese,"Tortilla chips topped with beef tongue, guacamole, and cheese.",$17.99_),,,,https://www.doordash.com/store/armandos-mexican-food-moreno-valley-240502/1730119/consider,,
240502,Armandos Mexican Food,category-128663716,Lengua,"Tender beef tongue prepared in tacos, burritos, tortas, and loaded favorites.",30286215939,Lengua Quesadilla,"A grilled flour tortilla filled with beef tongue and cheese, served with guacamole, picó de gallo, and lettuce.",$14_),,lengua-quesadilla-30286215939.jpg,"https://img.cdn4dd.com/cdn-cgi/image/fit=contain,width=1200,height=672,format=auto/https://doordash-static.s3.amazonaws.com/media/photosV2/2ffafffb-870d-435b-acfc-f4d3dc59e66a-retina-large.jpg",https://www.doordash.com/store/armandos-mexican-food-moreno-valley-240502/1730119/consider,lengua-quesadilla-30286215939.jpg,
240502,Armandos Mexican Food,category-128663716,Lengua,"Tender beef tongue prepared in tacos, burritos, tortas, and loaded favorites.",15070184231,Lengua Street Taco,Tender beef tongue topped with onion and cilantro in a small corn tortilla.,$3.99_),,lengua-street-taco-15070184231.jpg,"https://img.cdn4dd.com/cdn-cgi/image/fit=contain,width=1200,height=672,format=auto/https://doordash-static.s3.amazonaws.com/media/photosV2/919c0b45-e886-45fb-9a04-37609bf240f0-retina-large.jpg",https://www.doordash.com/store/armandos-mexican-food-moreno-valley-240502/1730119/consider,lengua-street-taco-15070184231.jpg,
240502,Armandos Mexican Food,category-128663716,Lengua,"Tender beef tongue prepared in tacos, burritos, tortas, and loaded favorites.",15070737811,Lengua Taco,Tender beef tongue topped with onion and cilantro in a soft corn tortilla.,$4.99_),,lengua-taco-15070737811.jpg,"https://img.cdn4dd.com/cdn-cgi/image/fit=contain,width=1200,height=672,format=auto/https://doordash-static.s3.amazonaws.com/media/photosV2/eec11135-dd65-4f5a-ba76-624ae38c4d09-retina-large.jpg",https://www.doordash.com/store/armandos-mexican-food-moreno-valley-240502/1730119/consider,lengua-taco-15070737811.jpg,
240502,Armandos Mexican Food,category-128663716,Lengua,"Tender beef tongue prepared in tacos, burritos, tortas, and loaded favorites.",15070184234,"Lengua Torta with Guacamole, Picó de Gallo, and Lettuce","Tender beef tongue, guacamole, picó de gallo, and lettuce on a toasted Mexican roll.",$13.99_),,lengua-torta-guacamole-pico-lettuce-only-15070184234.png,"https://img.cdn4dd.com/cdn-cgi/image/fit=contain,width=1200,height=672,format=auto/https://doordash-static.s3.amazonaws.com/media/photosV2/5f6a9995-da18-4501-b53b-41de722347ce-b120b774-50a9-4a10-933c-bee4b169129e-retina-large.jpg",https://www.doordash.com/store/armandos-mexican-food-moreno-valley-240502/1730119/consider,lengua-torta-guacamole-pico-lettuce-only-15070184234.png,
240502,Armandos Mexican Food,category-128663716,Lengua,"Tender beef tongue prepared in tacos, burritos, tortas, and loaded favorites.",15070738058,Lengua Torta with Rice and Beans – C/C Only,"Beef tongue, rice, beans, and C/C",$13.99_),,,,https://www.doordash.com/store/armandos-mexican-food-moreno-valley-240502/1730119/consider,,
240502,Armandos Mexican Food,category-128663716,Lengua,"Tender beef tongue prepared in tacos, burritos, tortas, and loaded favorites.",15098046416,3 Lengua Street Tacos,"Three beef tongue street tacos topped with onion and cilantro, served with rice and refried beans.",$12.99_),,special-3-lengua-street-tacos-15098046416.jpg,"https://img.cdn4dd.com/cdn-cgi/image/fit=contain,width=1200,height=672,format=auto/https://doordash-static.s3.amazonaws.com/media/photosV2/728473d6-5e8f-4d51-bfe6-1ec5b245d8d6-retina-large.jpg",https://www.doordash.com/store/armandos-mexican-food-moreno-valley-240502/1730119/consider,special-3-lengua-street-tacos-15098046416.jpg,
240502,Armandos Mexican Food,category-128265635,Ranchera Plate,"Ranchera-style meat served with rice, beans, salad, and tortillas.",15042953277,Ranchera Meat Plate,"Ranchera-style meat with rice, refried beans, lettuce, sliced avocado, and two chiles toreados. Served with corn or flour tortillas.",$18.98_),,ranchera-meat-plate-15042953277.jpg,"https://img.cdn4dd.com/cdn-cgi/image/fit=contain,width=1200,height=672,format=auto/https://doordash-static.s3.amazonaws.com/media/photosV2/94ab7060-9491-477b-9bd2-3c34ada1a65c-retina-large.jpg",https://www.doordash.com/store/armandos-mexican-food-moreno-valley-240502/1730119/consider,ranchera-meat-plate-15042953277.jpg,
240502,Armandos Mexican Food,category-22689130,Soups & Menudo,Traditional Mexican soups served with fresh garnishes and tortillas.,359793528,Caldo de Camarón,"Shrimp and vegetables simmered in a savory broth, served with onion, cilantro, and corn or flour tortillas.",$16.99_),,caldo-de-camaron-every-day-359793528.jpg,"https://img.cdn4dd.com/cdn-cgi/image/fit=contain,width=1200,height=672,format=auto/https://doordash-static.s3.amazonaws.com/media/photosV2/6240337d-5c91-4ced-9f8d-a73f47f5cad0-retina-large.jpg",https://www.doordash.com/store/armandos-mexican-food-moreno-valley-240502/1730119/consider,caldo-de-camaron-every-day-359793528.jpg,
240502,Armandos Mexican Food,category-22689130,Soups & Menudo,Traditional Mexican soups served with fresh garnishes and tortillas.,24580277827,Caldo de Pescado (Fish Soup),"Fish, carrots, and celery simmered in a savory broth, served with onion, cilantro, and your choice of tortillas or chips.",$16.99_),,caldo-de-pescado-fish-soup-24580277827.png,"https://img.cdn4dd.com/cdn-cgi/image/fit=contain,width=1200,height=672,format=auto/https://doordash-static.s3.amazonaws.com/media/photosV2/2960326d-701d-4a37-8ac6-cf25381001b1-ae216067-7160-40b1-9bae-fd5518d18215-retina-large.jpg",https://www.doordash.com/store/armandos-mexican-food-moreno-valley-240502/1730119/consider,caldo-de-pescado-fish-soup-24580277827.png,
240502,Armandos Mexican Food,category-135461457,Soups & Menudo,Traditional Mexican soups served with fresh garnishes and tortillas.,17110451876,Menudo,"Tender tripe and hominy simmered in a rich red chile broth, served with onion, cilantro, and corn or flour tortillas.",$17.99_),,menudo-every-day-17110451876.jpg,"https://img.cdn4dd.com/cdn-cgi/image/fit=contain,width=1200,height=672,format=auto/https://doordash-static.s3.amazonaws.com/media/photosV2/a96e8037-3c7c-4b13-a6d5-8df99fecafb8-retina-large.jpeg",https://www.doordash.com/store/armandos-mexican-food-moreno-valley-240502/1730119/consider,menudo-every-day-17110451876.jpg,
240502,Armandos Mexican Food,category-22689130,Soups & Menudo,Traditional Mexican soups served with fresh garnishes and tortillas.,44255519656,Red Pozole,"Pork and hominy simmered in red chile broth, served with onion, cabbage, chips, and tostadas.",$16_),,red-pozole-44255519656.jpg,"https://img.cdn4dd.com/cdn-cgi/image/fit=contain,width=1200,height=672,format=auto/https://doordash-static.s3.amazonaws.com/media/photosV2/956641ce-46c4-43a3-8b6d-ee059f8207c9-retina-large.jpg",https://www.doordash.com/store/armandos-mexican-food-moreno-valley-240502/1730119/consider,red-pozole-44255519656.jpg,
240502,Armandos Mexican Food,category-20595916,Shrimp Cocktails,Chilled shrimp cocktails with tangy tomato sauce and fresh vegetables.,198880683,Armando's Cóctel de Camarón,"Fresh shrimp in tangy tomato sauce with cucumber, onion, and avocado, garnished with orange.",$16.99_),,armandos-coctel-de-camaron-shrimp-cocktail-198880683.jpg,"https://img.cdn4dd.com/cdn-cgi/image/fit=contain,width=1200,height=672,format=auto/https://doordash-static.s3.amazonaws.com/media/photosV2/6a1a760c-23e1-42f1-b2cb-30c6382422b7-retina-large.jpg",https://www.doordash.com/store/armandos-mexican-food-moreno-valley-240502/1730119/consider,armando-s-coctel-de-camaron-shrimp-cocktail-198880683.jpg,
240502,Armandos Mexican Food,category-20595916,Tacos,Full-sized tacos with generous fillings and fresh toppings.,198880682,Shredded Chicken Taco,"Shredded chicken, lettuce, and cheese in a crispy taco shell.",$3.45_),,shredded-chicken-taco-198880682.jpg,"https://img.cdn4dd.com/cdn-cgi/image/fit=contain,width=1200,height=672,format=auto/https://doordash-static.s3.amazonaws.com/media/photosV2/a8010004-7986-4a9c-b8dd-027cc13e37ea-retina-large.jpeg",https://www.doordash.com/store/armandos-mexican-food-moreno-valley-240502/1730119/consider,shredded-chicken-taco-198880682.jpg,
240502,Armandos Mexican Food,category-20595916,Burritos,Generously filled burritos made fresh to order.,198880681,Surf and Turf Burrito,"Grilled steak, shrimp, avocado, rice, sour cream, and cheese wrapped in a soft flour tortilla.",$13.67_),,surf-and-turf-burrito-17056986042.jpg,"https://img.cdn4dd.com/cdn-cgi/image/fit=contain,width=1200,height=672,format=auto/https://doordash-static.s3.amazonaws.com/media/photos/fd6e4e16-099b-40e2-8db6-941b912d73c4-retina-large-jpeg",https://www.doordash.com/store/armandos-mexican-food-moreno-valley-240502/1730119/consider,surf-and-turf-burrito-198880681.jpg,
240502,Armandos Mexican Food,category-22689753,Armando's Chicken Salad,"Fresh salad topped with grilled chicken, avocado, and vegetables.",358348813,Chicken Salad,"Grilled chicken over lettuce with cheese, avocado, cucumber, orange, and diced tomato. Served with dressing.",$11.99_),,chicken-salad-358348813.jpg,"https://img.cdn4dd.com/cdn-cgi/image/fit=contain,width=1200,height=672,format=auto/https://doordash-static.s3.amazonaws.com/media/photosV2/fc3291d5-9031-474c-9c60-f4d90db9f12d-retina-large.jpg",https://www.doordash.com/store/armandos-mexican-food-moreno-valley-240502/1730119/consider,chicken-salad-358348813.jpg,
240502,Armandos Mexican Food,category-20595917,Kids' Meals,Kid-sized favorites served with simple sides.,564136938,Kids' #4 Cheese Quesadilla with Fries,A cheese quesadilla served with french fries.,$6.99_),,4-kids-quesadilla-with-fries-564136938.jpg,"https://img.cdn4dd.com/cdn-cgi/image/fit=contain,width=1200,height=672,format=auto/https://doordash-static.s3.amazonaws.com/media/photosV2/73b281a9-ec7f-45ef-9b99-5065e0be6e31-retina-large.jpg",https://www.doordash.com/store/armandos-mexican-food-moreno-valley-240502/1730119/consider,4-kids-quesadilla-with-fries-564136938.jpg,
240502,Armandos Mexican Food,category-20595917,Kids' Meals,Kid-sized favorites served with simple sides.,198880684,Kids' #1 Five Chicken Nuggets with Fries,Five chicken nuggets served with french fries and juice.,$6.99_),,1-5-chicken-nugget-and-fries-198880684.jpg,"https://img.cdn4dd.com/cdn-cgi/image/fit=contain,width=1200,height=672,format=auto/https://doordash-static.s3.amazonaws.com/media/photos/0b3dd5ed-1584-4343-a6e2-132f7b150b2f-retina-large-jpeg",https://www.doordash.com/store/armandos-mexican-food-moreno-valley-240502/1730119/consider,1-5-chicken-nugget-and-fries-198880684.jpg,
240502,Armandos Mexican Food,category-20595917,Kids' Meals,Kid-sized favorites served with simple sides.,198880685,Kids' #2 Cheese Quesadilla with Rice and Beans,A cheese quesadilla served with rice and refried beans.,$6.99_),,2-cheese-quesadilla-combo-ricebeans-198880685.jpg,"https://img.cdn4dd.com/cdn-cgi/image/fit=contain,width=1200,height=672,format=auto/https://doordash-static.s3.amazonaws.com/media/photosV2/5812eb6e-5623-4caa-81c1-7bd8c41c03fe-retina-large.jpg",https://www.doordash.com/store/armandos-mexican-food-moreno-valley-240502/1730119/consider,2-cheese-quesadilla-combo-rice-beans-198880685.jpg,
240502,Armandos Mexican Food,category-20595917,Kids' Meals,Kid-sized favorites served with simple sides.,198880686,Kids' #3 Bean and Cheese Burrito with Fries,A bean-and-cheese burrito served with french fries and juice.,$6.99_),,3-bean-and-cheese-burrito-with-fries-198880686.png,"https://img.cdn4dd.com/cdn-cgi/image/fit=contain,width=1200,height=672,format=auto/https://doordash-static.s3.amazonaws.com/media/photosV2/560f175b-a1c2-4aa3-9746-9f79942b3b1e-1284659f-0238-4250-b918-7a8242e95dc1-retina-large.jpg",https://www.doordash.com/store/armandos-mexican-food-moreno-valley-240502/1730119/consider,3-bean-and-cheese-burrito-with-fries-198880686.png,
240502,Armandos Mexican Food,category-20595897,Combination Plates,Hearty combinations served with rice and refried beans unless noted.,198880695,#21. Super Rolled Tacos,"Four crispy chicken or beef rolled tacos topped with carne asada, guacamole, cheese, sour cream, picó de gallo, and lettuce.",$9.99_),,21-super-rolled-tacos-198880695.jpg,"https://img.cdn4dd.com/p/fit=contain,width=1200,height=672,format=auto/media/yelp/6f180bf0-91bc-4ad4-ae60-e1bb96284a83.jpg",https://www.doordash.com/store/armandos-mexican-food-moreno-valley-240502/1730119/consider,21-super-rolled-tacos-198880695.jpg,
240502,Armandos Mexican Food,category-20595897,Combination Plates,Hearty combinations served with rice and refried beans unless noted.,198880697,#23. Two Shredded Chicken Tacos,"Two crispy shredded chicken tacos with lettuce and cheese, served with rice and refried beans.",$10.99_),,2-two-beef-tacos-198880495.jpg,"https://img.cdn4dd.com/cdn-cgi/image/fit=contain,width=1200,height=672,format=auto/https://doordash-static.s3.amazonaws.com/media/photos/96efbd47-675f-4124-897e-5868a784a20a-retina-large-jpeg",https://www.doordash.com/store/armandos-mexican-food-moreno-valley-240502/1730119/consider,23-two-shredded-chicken-tacos-198880697.jpg,
240502,Armandos Mexican Food,category-20595897,Combination Plates,Hearty combinations served with rice and refried beans unless noted.,198880699,#24. Chicken Fajita Burrito,"A chicken or carne asada fajita burrito with rice, avocado, shrimp, onion, and bell peppers.",$11.99_),,24-chicken-fajitasburrito-198880699.jpg,"https://img.cdn4dd.com/cdn-cgi/image/fit=contain,width=1200,height=672,format=auto/https://doordash-static.s3.amazonaws.com/media/photosV2/164eb2a1-e644-49e8-a5f7-c399e5efa7c2-retina-large.jpg",https://www.doordash.com/store/armandos-mexican-food-moreno-valley-240502/1730119/consider,24-chicken-fajitasburrito-198880699.jpg,
240502,Armandos Mexican Food,category-177209040,Side Orders,Classic sides and extras to complete your meal.,22785216698,4 oz Cheese,A 4 oz side of shredded cheese.,$2.99_),,,,https://www.doordash.com/store/armandos-mexican-food-moreno-valley-240502/1730119/consider,,
240502,Armandos Mexican Food,category-177209040,Side Orders,Classic sides and extras to complete your meal.,22784110428,4 oz Pico de Gallo,"A 4 oz side of fresh tomatoes, onions, cilantro, jalapeños, and lime.",$2.25_),,4oz-pico-de-gallo-22784110428.png,"https://img.cdn4dd.com/cdn-cgi/image/fit=contain,width=1200,height=672,format=auto/https://doordash-static.s3.amazonaws.com/media/photosV2/d1f1bfec-1e6d-40a8-be94-d9b5a269e08f-e80f8e0f-b60f-4d04-b0b9-60d938e5c70f-retina-large.jpg",https://www.doordash.com/store/armandos-mexican-food-moreno-valley-240502/1730119/consider,4-oz-pico-de-gallo-22784110428.png,
240502,Armandos Mexican Food,category-177209040,Side Orders,Classic sides and extras to complete your meal.,22784662544,4 oz Sour Cream,A 4 oz side of cool sour cream.,$2.56_),,4-oz-sour-cream-22784662544.png,"https://img.cdn4dd.com/cdn-cgi/image/fit=contain,width=1200,height=672,format=auto/https://doordash-static.s3.amazonaws.com/media/photosV2/6041ed53-0745-4421-abd8-26f91529c4f1-5f68cfc3-c37a-4671-a8f6-e66c71596951-retina-large.jpg",https://www.doordash.com/store/armandos-mexican-food-moreno-valley-240502/1730119/consider,4-oz-sour-cream-22784662544.png,
240502,Armandos Mexican Food,category-177209040,Side Orders,Classic sides and extras to complete your meal.,22784110426,8 oz Beans,An 8 oz side of creamy refried beans topped with shredded cheese.,$4.25_),,8oz-beans-22784110426.jpg,"https://img.cdn4dd.com/cdn-cgi/image/fit=contain,width=1200,height=672,format=auto/https://doordash-static.s3.amazonaws.com/media/photosV2/90693130-adc8-4cbb-8bf5-29b821962c5b-retina-large.jpg",https://www.doordash.com/store/armandos-mexican-food-moreno-valley-240502/1730119/consider,8-oz-beans-22784110426.jpg,
240502,Armandos Mexican Food,category-177209040,Side Orders,Classic sides and extras to complete your meal.,22784339672,8 oz Guacamole,An 8 oz side of creamy guacamole.,$4.99_),,8oz-guacamole-22784339672.png,"https://img.cdn4dd.com/cdn-cgi/image/fit=contain,width=1200,height=672,format=auto/https://doordash-static.s3.amazonaws.com/media/photosV2/dd5cf12f-d35c-4c48-acf3-8c1573d17e5a-retina-large.png",https://www.doordash.com/store/armandos-mexican-food-moreno-valley-240502/1730119/consider,8-oz-guacamole-22784339672.png,
240502,Armandos Mexican Food,category-177209040,Side Orders,Classic sides and extras to complete your meal.,22785216696,8 oz Rice,An 8 oz side of seasoned Mexican rice.,$4.25_),,8-oz-rice-22785216696.jpg,"https://img.cdn4dd.com/cdn-cgi/image/fit=contain,width=1200,height=672,format=auto/https://doordash-static.s3.amazonaws.com/media/photosV2/3264f202-98db-40c0-8d1a-72b2b0f96f0e-retina-large.jpg",https://www.doordash.com/store/armandos-mexican-food-moreno-valley-240502/1730119/consider,8-oz-rice-22785216696.jpg,
240502,Armandos Mexican Food,category-177209040,Side Orders,Classic sides and extras to complete your meal.,22919286579,Carrots and Jalapeños,A bag of pickled carrots and jalapeños.,$1_),,,,https://www.doordash.com/store/armandos-mexican-food-moreno-valley-240502/1730119/consider,,
240502,Armandos Mexican Food,category-177209040,Side Orders,Classic sides and extras to complete your meal.,22785575681,Chiles Toreados Serranos,"Charred serrano peppers with a smoky, spicy finish.",$1.99_),,chiles-toreados-serranos-22785575681.jpg,"https://img.cdn4dd.com/cdn-cgi/image/fit=contain,width=1200,height=672,format=auto/https://doordash-static.s3.amazonaws.com/media/photosV2/19280c27-708a-4673-90a9-916d07a25156-retina-large.jpeg",https://www.doordash.com/store/armandos-mexican-food-moreno-valley-240502/1730119/consider,chiles-toreados-serranos-22785575681.jpg,
240502,Armandos Mexican Food,category-78699694,Fresh Salsas,Fresh house salsas in generous 32 oz portions.,8476865874,Dark Green Salsa – 32 oz,A 32 oz cup of bold dark-green salsa with herbs and chiles.,$15.99_),,dark-green-salsa-cup-32-oz-nueva-salsa-8476865874.jpg,"https://img.cdn4dd.com/cdn-cgi/image/fit=contain,width=1200,height=672,format=auto/https://doordash-static.s3.amazonaws.com/media/photosV2/a81a42c1-09d6-4099-9c83-15655dd26950-retina-large.jpeg",https://www.doordash.com/store/armandos-mexican-food-moreno-valley-240502/1730119/consider,dark-green-salsa-cup-32-oz-nueva-salsa-8476865874.jpg,
240502,Armandos Mexican Food,category-78699694,Fresh Salsas,Fresh house salsas in generous 32 oz portions.,8476852934,Green Salsa – 32 oz,"A 32 oz cup of bright, tangy green salsa.",$15.99_),,green-salsa-cup-32-oz-8476852934.jpg,"https://img.cdn4dd.com/cdn-cgi/image/fit=contain,width=1200,height=672,format=auto/https://doordash-static.s3.amazonaws.com/media/photosV2/b11df0cd-bcfa-4d6d-a4ef-719bd9a9aa5a-retina-large.jpeg",https://www.doordash.com/store/armandos-mexican-food-moreno-valley-240502/1730119/consider,green-salsa-cup-32-oz-8476852934.jpg,
240502,Armandos Mexican Food,category-78699694,Fresh Salsas,Fresh house salsas in generous 32 oz portions.,8474915738,Red Salsa – 32 oz,A 32 oz cup of savory red salsa made with tomatoes and chiles.,$15.99_),,red-sauce-32-ozcup-8474915738.jpg,"https://img.cdn4dd.com/cdn-cgi/image/fit=contain,width=1200,height=672,format=auto/https://doordash-static.s3.amazonaws.com/media/photosV2/21204518-8d26-4394-80d6-2a5ee5ae1859-retina-large.jpeg",https://www.doordash.com/store/armandos-mexican-food-moreno-valley-240502/1730119/consider,red-sauce-32-ozcup-8474915738.jpg,
240502,Armandos Mexican Food,category-78699694,Fresh Salsas,Fresh house salsas in generous 32 oz portions.,8474695564,Spicy Orange Salsa – 32 oz,A 32 oz cup of spicy orange salsa with a bright chile kick.,$15.99_),,spicy-orange-salsa-32-oz-cup-8474695564.jpg,"https://img.cdn4dd.com/cdn-cgi/image/fit=contain,width=1200,height=672,format=auto/https://doordash-static.s3.amazonaws.com/media/photosV2/497f03ea-6fd4-4cdc-9f75-0fad0ae40ff7-retina-large.jpg",https://www.doordash.com/store/armandos-mexican-food-moreno-valley-240502/1730119/consider,spicy-orange-salsa-32-oz-cup-8474695564.jpg,
240502,Armandos Mexican Food,category-20595912,Aguas Frescas,Refreshing house-made aguas frescas in two sizes.,358345202,Cucumber Agua Fresca – 16 oz,A refreshing 16 oz cucumber agua fresca.,$4.99_),,cucumber-water-16oz-358345202.jpg,"https://img.cdn4dd.com/cdn-cgi/image/fit=contain,width=1200,height=672,format=auto/https://doordash-static.s3.amazonaws.com/media/photos/5ef90a4a-23c7-4147-9d90-277e9c2be401-retina-large-jpeg",https://www.doordash.com/store/armandos-mexican-food-moreno-valley-240502/1730119/consider,cucumber-water-16-oz-358345202.jpg,
240502,Armandos Mexican Food,category-20595912,Aguas Frescas,Refreshing house-made aguas frescas in two sizes.,358343248,Cucumber Agua Fresca – 32 oz,A refreshing 32 oz cucumber agua fresca.,$5.80_),,cucumber-water-32-0z-358343248.jpg,"https://img.cdn4dd.com/cdn-cgi/image/fit=contain,width=1200,height=672,format=auto/https://doordash-static.s3.amazonaws.com/media/photos/2dea6a0b-766a-44e6-83c9-d0df2056ff51-retina-large-jpeg",https://www.doordash.com/store/armandos-mexican-food-moreno-valley-240502/1730119/consider,cucumber-water-32-0z-358343248.jpg,
240502,Armandos Mexican Food,category-20595912,Aguas Frescas,Refreshing house-made aguas frescas in two sizes.,198880620,Horchata – 16 oz,"A sweet, creamy 16 oz rice-and-cinnamon agua fresca.",$5.99_),,horchata-medium-16oz-198880620.jpg,"https://img.cdn4dd.com/cdn-cgi/image/fit=contain,width=1200,height=672,format=auto/https://doordash-static.s3.amazonaws.com/media/photosV2/86447658-0581-4291-a78f-0a4039dd2188-retina-large.jpeg",https://www.doordash.com/store/armandos-mexican-food-moreno-valley-240502/1730119/consider,horchata-16-oz-medium-198880620.jpg,
240502,Armandos Mexican Food,category-20595912,Aguas Frescas,Refreshing house-made aguas frescas in two sizes.,358342473,Horchata – 32 oz,"A sweet, creamy 32 oz rice-and-cinnamon agua fresca.",$5.99_),,horchata-large-32-oz-358342473.jpg,"https://img.cdn4dd.com/cdn-cgi/image/fit=contain,width=1200,height=672,format=auto/https://doordash-static.s3.amazonaws.com/media/photosV2/8a94006a-fd45-4e78-9716-9f1c5ef338d0-retina-large.jpeg",https://www.doordash.com/store/armandos-mexican-food-moreno-valley-240502/1730119/consider,horchata-32-oz-large-358342473.jpg,
240502,Armandos Mexican Food,category-20595912,Aguas Frescas,Refreshing house-made aguas frescas in two sizes.,198880621,Jamaica – 16 oz,"A refreshing 16 oz hibiscus agua fresca with a tart, floral finish.",$4.99_),,jamaica-medium16oz-198880621.jpg,"https://img.cdn4dd.com/cdn-cgi/image/fit=contain,width=1200,height=672,format=auto/https://doordash-static.s3.amazonaws.com/media/photos/91e5def4-055f-475a-b193-de4658fdc854-retina-large-jpeg",https://www.doordash.com/store/armandos-mexican-food-moreno-valley-240502/1730119/consider,jamaica-16-oz-medium-198880621.jpg,
240502,Armandos Mexican Food,category-20595912,Aguas Frescas,Refreshing house-made aguas frescas in two sizes.,8876267704,Jamaica – 32 oz,"A refreshing 32 oz hibiscus agua fresca with a tart, floral finish.",$5.90_),,jamaica-32oz-8876267704.jpg,"https://img.cdn4dd.com/cdn-cgi/image/fit=contain,width=1200,height=672,format=auto/https://doordash-static.s3.amazonaws.com/media/photosV2/84dca441-a665-4484-93cd-307ac2a6b2df-retina-large.jpeg",https://www.doordash.com/store/armandos-mexican-food-moreno-valley-240502/1730119/consider,jamaica-32-oz-8876267704.jpg,
240502,Armandos Mexican Food,category-20595912,Aguas Frescas,Refreshing house-made aguas frescas in two sizes.,358349641,Jarritos,Mexican fruit soda. Flavor selection may vary.,$2.99_),,jarritos-358349641.jpg,"https://img.cdn4dd.com/cdn-cgi/image/fit=contain,width=1200,height=672,format=auto/https://doordash-static.s3.amazonaws.com/media/photos/8e28d3a5-cc00-4eb2-83ea-aadbb156809d-retina-large-jpeg",https://www.doordash.com/store/armandos-mexican-food-moreno-valley-240502/1730119/consider,jarritos-358349641.jpg,
240502,Armandos Mexican Food,category-20595912,Aguas Frescas,Refreshing house-made aguas frescas in two sizes.,358349187,Mexican Coke – 500 mL,A 500 mL bottle of Mexican Coca-Cola made with cane sugar.,$4.99_),,medio-litro-coke-358349187.jpg,"https://img.cdn4dd.com/cdn-cgi/image/fit=contain,width=1200,height=672,format=auto/https://doordash-static.s3.amazonaws.com/media/photos/9d6663c1-0674-40eb-8bf2-f7e32c33d429-retina-large-jpeg",https://www.doordash.com/store/armandos-mexican-food-moreno-valley-240502/1730119/consider,medio-litro-coke-358349187.jpg,
240502,Armandos Mexican Food,category-20595912,Aguas Frescas,Refreshing house-made aguas frescas in two sizes.,8877008484,Mexican Sprite – 500 mL,A 500 mL bottle of Mexican Sprite made with cane sugar.,$4.67_),,mexican-sprite-medio-litro-8877008484.jpg,"https://img.cdn4dd.com/cdn-cgi/image/fit=contain,width=1200,height=672,format=auto/https://doordash-static.s3.amazonaws.com/media/photosV2/9d5a5c88-e607-4c25-877b-f8e3e9642f5e-retina-large.jpeg",https://www.doordash.com/store/armandos-mexican-food-moreno-valley-240502/1730119/consider,mexican-sprite-medio-litro-8877008484.jpg,
240502,Armandos Mexican Food,category-20595912,Aguas Frescas,Refreshing house-made aguas frescas in two sizes.,198880625,Piña – 16 oz,A refreshing 16 oz pineapple agua fresca.,$4.99_),,pina-medium16oz-198880625.jpg,"https://img.cdn4dd.com/cdn-cgi/image/fit=contain,width=1200,height=672,format=auto/https://doordash-static.s3.amazonaws.com/media/photosV2/617661ea-1494-4bbd-8d07-b5cbd00510af-retina-large.jpeg",https://www.doordash.com/store/armandos-mexican-food-moreno-valley-240502/1730119/consider,pina-16-oz-medium-198880625.jpg,
240502,Armandos Mexican Food,category-20595912,Aguas Frescas,Refreshing house-made aguas frescas in two sizes.,564135101,Piña – 32 oz,A refreshing 32 oz pineapple agua fresca.,$5.99_),,pina-large-32-oz-564135101.jpg,"https://img.cdn4dd.com/cdn-cgi/image/fit=contain,width=1200,height=672,format=auto/https://doordash-static.s3.amazonaws.com/media/photos/57f2a257-94f8-42bc-923b-9c84a4441e9f-retina-large-jpeg",https://www.doordash.com/store/armandos-mexican-food-moreno-valley-240502/1730119/consider,pina-32-oz-large-564135101.jpg,
240502,Armandos Mexican Food,category-20595912,Aguas Frescas,Refreshing house-made aguas frescas in two sizes.,3871269059,Watermelon Agua Fresca – 32 oz,A refreshing 32 oz watermelon agua fresca.,$5.99_),,watermelon-32-oz-3871269059.jpg,"https://img.cdn4dd.com/cdn-cgi/image/fit=contain,width=1200,height=672,format=auto/https://doordash-static.s3.amazonaws.com/media/photosV2/c63da8a2-2249-43f2-9ab7-8a1fb99657a8-retina-large.JPG",https://www.doordash.com/store/armandos-mexican-food-moreno-valley-240502/1730119/consider,watermelon-32-oz-3871269059.jpg,
240502,Armandos Mexican Food,category-90927960,Bottled Drinks & Sodas,Cold bottled drinks and familiar sodas.,22783650579,Diet Coke,"A crisp, refreshing Diet Coke with zero calories.",$4.50_),,diet-coke-22783650579.jpg,"https://img.cdn4dd.com/cdn-cgi/image/fit=contain,width=1200,height=672,format=auto/https://doordash-static.s3.amazonaws.com/media/photosV2/041358ad-f8cd-4db0-9354-3825697e9c0a-retina-large.jpeg",https://www.doordash.com/store/armandos-mexican-food-moreno-valley-240502/1730119/consider,diet-coke-22783650579.jpg,
240502,Armandos Mexican Food,category-90927960,Bottled Drinks & Sodas,Carbonated classics and refreshing hydration.,22783354747,Glass Fanta Orange,"Change up your routine with the bright, bubbly, fruity orange flavor.",$4.99_),,glass-fanta-orange-22783354747.jpg,"https://img.cdn4dd.com/cdn-cgi/image/fit=contain,width=1200,height=672,format=auto/https://doordash-static.s3.amazonaws.com/media/photosV2/22eeaf86-2c81-4654-b915-ff3fbd7f4a1d-retina-large.jpeg",https://www.doordash.com/store/armandos-mexican-food-moreno-valley-240502/1730119/consider,glass-fanta-orange-22783354747.jpg,
240502,Armandos Mexican Food,category-90927960,Bottled Drinks & Sodas,Carbonated classics and refreshing hydration.,9984296304,Mexican Coke - 1L Glass,"Classic Coke from Mexico, sweetened with cane sugar instead of corn syrup.",$4.99_),,,,https://www.doordash.com/store/armandos-mexican-food-moreno-valley-240502/1730119/consider,,
240502,Armandos Mexican Food,category-90927960,Bottled Drinks & Sodas,Carbonated classics and refreshing hydration.,22784016685,Sprite - 1L Glass,"The cold, refreshing flavors of lemon and lime, perfectly blended and sweetened with cane sugar.",$4.99_),,,,https://www.doordash.com/store/armandos-mexican-food-moreno-valley-240502/1730119/consider,,
240502,Armandos Mexican Food,category-90927960,Bottled Drinks & Sodas,Carbonated classics and refreshing hydration.,22784110276,Topo Chico Mineral Water - 355ml Glass,"Sparkling mineral water, sourced and bottled in Monterrey, Mexico, offering a refreshing and crisp taste.",$4.99_),,glass-topo-chico-mineral-water-22784110276.jpg,"https://img.cdn4dd.com/cdn-cgi/image/fit=contain,width=1200,height=672,format=auto/https://doordash-static.s3.amazonaws.com/media/photosV2/d1ecb6f4-b715-4d6c-bb6d-b0564fd8abaf-retina-large.jpeg",https://www.doordash.com/store/armandos-mexican-food-moreno-valley-240502/1730119/consider,glass-topo-chico-mineral-water-22784110276.jpg,
240502,Armandos Mexican Food,category-90927960,Bottled Drinks & Sodas,Carbonated classics and refreshing hydration.,9976528504,Monster Energy - 16oz Can,The classic green Monster Energy.,$3.50_),,green-monster-9976528504.jpg,"https://img.cdn4dd.com/cdn-cgi/image/fit=contain,width=1200,height=672,format=auto/https://doordash-static.s3.amazonaws.com/media/photosV2/f0ee0c4d-137d-4b61-b2c7-ec978b9aa1e3-retina-large.jpeg",https://www.doordash.com/store/armandos-mexican-food-moreno-valley-240502/1730119/consider,green-monster-9976528504.jpg,
240502,Armandos Mexican Food,category-90927960,Bottled Drinks & Sodas,Carbonated classics and refreshing hydration.,22783354751,Orange Fanta,Zesty and refreshing citrus beverage with a vibrant orange fizz.,$4.50_),,,,https://www.doordash.com/store/armandos-mexican-food-moreno-valley-240502/1730119/consider,,
240502,Armandos Mexican Food,category-90927960,Bottled Drinks & Sodas,Carbonated classics and refreshing hydration.,22784072256,Plastic Coke,"The cold, refreshing, sparkling classic that America loves.",$4.50_),,plastic-coke-22784072256.jpg,"https://img.cdn4dd.com/cdn-cgi/image/fit=contain,width=1200,height=672,format=auto/https://doordash-static.s3.amazonaws.com/media/photosV2/0c26f76a-c19d-44e9-917f-ae4f31e7b86e-retina-large.jpeg",https://www.doordash.com/store/armandos-mexican-food-moreno-valley-240502/1730119/consider,plastic-coke-22784072256.jpg,
240502,Armandos Mexican Food,category-90927960,Bottled Drinks & Sodas,Carbonated classics and refreshing hydration.,22783746824,Powerade Blue,A combination of electrolytes and carbohydrates that provide effective hydration and energy.,$4.50_),,powerade-blue-22783746824.jpg,"https://img.cdn4dd.com/cdn-cgi/image/fit=contain,width=1200,height=672,format=auto/https://doordash-static.s3.amazonaws.com/media/photosV2/97242465-bab8-4866-9257-82ca1022796c-retina-large.jpeg",https://www.doordash.com/store/armandos-mexican-food-moreno-valley-240502/1730119/consider,powerade-blue-22783746824.jpg,
240502,Armandos Mexican Food,category-90927960,Bottled Drinks & Sodas,Carbonated classics and refreshing hydration.,22784016710,Red Powerade,A combination of electrolytes and carbohydrates that provide effective hydration and energy.,$4.50_),,powerade-blue-22783746824.jpg,"https://img.cdn4dd.com/cdn-cgi/image/fit=contain,width=1200,height=672,format=auto/https://doordash-static.s3.amazonaws.com/media/photosV2/97242465-bab8-4866-9257-82ca1022796c-retina-large.jpeg",https://www.doordash.com/store/armandos-mexican-food-moreno-valley-240502/1730119/consider,red-powerade-22784016710.jpg,
240502,Armandos Mexican Food,category-90927960,Bottled Drinks & Sodas,Carbonated classics and refreshing hydration.,22784172078,Sprite,"The cold, refreshing flavors of lemon and lime, perfectly blended.",$4.50_),,,,https://www.doordash.com/store/armandos-mexican-food-moreno-valley-240502/1730119/consider,
